Company Name,Industry,CMP Rs.,Mar Cap Rs.Cr.,P/E,EV / EBITDA,Earnings Yield %,CMP / BV,ROE %,Sales growth %,Profit growth %,From 52w high,50 DMA Rs.,200 DMA Rs.,Last Close,Pivot,S1,S2,R1,R2,SMA50,SMA200,Trend,ATR,StopLoss,TargetPrice,_ticker,_fetched_at,_status
Amara Raja Energy & Mobility Ltd.,Automobile and Auto Components,851.7,15588.27,17.395834,10.276,,1.9251853,11.567,15.5,94.5,19.03,842.89,894.18,851.7,852.63,841.62,827.98,866.27,877.28,842.89,894.18,Sideways,23.34,805.01,898.39,ARE&M.NS,2026-06-18 18:13:08,OK
Apollo Tyres Ltd.,Automobile and Auto Components,428.0,27074.48,19.759926,6.996,,1.6205001,8.719000000000001,14.2,242.60000000000002,20.26,407.59,464.8,428.0,431.55,419.2,408.8,441.95,454.3,407.59,464.8,Sideways,12.19,403.62,452.38,APOLLOTYRE.NS,2026-06-18 18:13:09,OK
Asahi India Glass Ltd.,Automobile and Auto Components,861.3,21956.88,62.23266,26.731,,5.5805726,10.4940005,14.799999999999999,36.9,19.8,859.31,912.02,861.3,886.1,876.2,868.5,893.8,903.7,859.31,912.02,Sideways,24.94,816.34,911.17,ASAHIINDIA.NS,2026-06-18 18:13:10,OK
Ather Energy Ltd.,Automobile and Auto Components,,,,,,,,,,,,,,,,,,,,,,,,,ATHER.NS,,NO_DATA
Bajaj Auto Ltd.,Automobile and Auto Components,10077.0,281422.15,26.198523,19.075,,7.248493,28.046,48.8,103.1,6.26,10044.07,9313.42,10077.0,10016.0,9958.0,9874.0,10100.0,10158.0,10044.07,9313.42,Uptrend,191.71,9693.57,10460.43,BAJAJ-AUTO.NS,2026-06-18 18:13:12,OK
Balkrishna Industries Ltd.,Automobile and Auto Components,2234.2,43190.92,34.778954,19.521,,3.9426272,,6.9,-15.0,19.85,2197.1,2310.19,2234.2,2247.7,2228.3,2200.6,2275.4,2294.8,2197.1,2310.19,Sideways,79.0,2087.25,2392.2,BALKRISIND.NS,2026-06-18 18:13:13,OK
Bharat Forge Ltd.,Automobile and Auto Components,2019.9,96569.12,89.61401,34.652,,10.089713,11.603,17.5,-17.9,1.43,1910.29,1566.94,2019.9,2024.87,2010.73,1986.97,2048.63,2062.77,1910.29,1566.94,Uptrend,55.41,1909.07,2130.73,BHARATFORG.NS,2026-06-18 18:13:14,OK
Bosch Ltd.,Automobile and Auto Components,40035.0,118087.64,42.54607,41.056,,7.954431,19.353001,18.0,3.0,4.55,37160.3,36722.85,40035.0,39190.0,38910.0,38590.0,39510.0,39790.0,37160.3,36722.85,Uptrend,1122.86,37789.29,42280.71,BOSCHLTD.NS,2026-06-18 18:13:15,OK
Ceat Ltd.,Automobile and Auto Components,3486.7,14065.88,20.160162,7.385,,2.3971531,14.787,23.3,183.20000000000002,21.44,3374.45,3621.78,3486.7,3474.03,3443.07,3399.13,3517.97,3548.93,3374.45,3621.78,Sideways,92.03,3302.64,3670.76,CEATLTD.NS,2026-06-18 18:13:16,OK
Craftsman Automation Ltd.,Automobile and Auto Components,9500.0,22662.8,58.881866,20.761,,6.9434443,12.547,27.3,74.4,2.44,8382.28,7434.0,9500.0,9497.0,9338.0,9177.5,9657.5,9816.5,8382.28,7434.0,Uptrend,336.79,8826.43,10173.57,CRAFTSMAN.NS,2026-06-18 18:13:17,OK
Eicher Motors Ltd.,Automobile and Auto Components,7601.0,208645.57,37.938606,34.881,,8.306831,23.774,19.1,11.5,7.64,7193.89,7140.55,7601.0,7513.33,7448.17,7387.33,7574.17,7639.33,7193.89,7140.55,Uptrend,168.86,7263.29,7938.71,EICHERMOT.NS,2026-06-18 18:13:17,OK
Endurance Technologies Ltd.,Automobile and Auto Components,2623.3,36900.08,38.720295,18.435,,5.395028,15.156998999999999,37.9,12.7,14.83,2517.12,2611.78,2623.3,2587.87,2556.83,2529.07,2615.63,2646.67,2517.12,2611.78,Sideways,79.66,2463.99,2782.61,ENDURANCE.NS,2026-06-18 18:13:18,OK
Exide Industries Ltd.,Automobile and Auto Components,384.85,32712.25,38.255466,17.948,,2.354773,6.172,9.2,15.0,10.71,361.86,361.66,384.85,388.55,386.25,384.1,390.7,393.0,361.86,361.66,Uptrend,10.68,363.49,406.21,EXIDEIND.NS,2026-06-18 18:13:19,OK
Force Motors Ltd.,Automobile and Auto Components,18662.0,24589.54,17.988512,16.103,,5.966843,33.507999999999996,8.200000000000001,-37.0,29.44,19846.56,19448.69,18662.0,18677.67,18468.33,18245.67,18900.33,19109.67,19846.56,19448.69,Sideways,762.64,18854.23,20187.29,FORCEMOT.NS,2026-06-18 18:13:20,OK
Hero MotoCorp Ltd.,Automobile and Auto Components,5021.6,100478.67,17.510899,12.584,,4.648498,28.027,30.2,25.7,19.86,5055.92,5398.59,5021.6,5012.0,4976.0,4935.6,5052.4,5088.4,5055.92,5398.59,Downtrend,106.9,4807.8,5235.4,HEROMOTOCO.NS,2026-06-18 18:13:20,OK
Hyundai Motor India Ltd.,Automobile and Auto Components,1976.6,160606.87,29.527933,17.611,,8.025954,29.915999999999997,4.8,-22.2,31.61,1866.26,2185.86,1976.6,1976.1,1964.4,1952.1,1988.4,2000.1,1866.26,2185.86,Sideways,56.05,1864.5,2088.7,HYUNDAI.NS,2026-06-18 18:13:21,OK
JBM Auto Ltd.,Automobile and Auto Components,,,,,,,,,,,,,,,,,,,,,,,,,JBM.NS,,NO_DATA
JK Tyre & Industries Ltd.,Automobile and Auto Components,,,,,,,,,,,,,,,,,,,,,,,,,JK.NS,,NO_DATA
Mahindra & Mahindra Ltd.,Automobile and Auto Components,3136.5,376619.09,20.609106,11.003,,3.764773,18.754,30.9,44.800000000000004,18.32,3125.24,3413.46,3136.5,3129.3,3093.6,3054.3,3168.6,3204.3,3125.24,3413.46,Sideways,76.84,2982.83,3290.17,M&M.NS,2026-06-18 18:13:25,OK
Maruti Suzuki India Ltd.,Automobile and Auto Components,13484.0,423940.4,28.88232,19.258,,3.9562628,14.434,28.199999999999996,-6.4,22.37,13273.88,14860.56,13484.0,13643.33,13546.67,13463.33,13726.67,13823.33,13273.88,14860.56,Sideways,291.64,12900.71,14067.29,MARUTI.NS,2026-06-18 18:13:26,OK
Minda Corporation Ltd.,Automobile and Auto Components,,,,,,,,,,,,,,,,,,,,,,,,,MINDA.NS,,NO_DATA
Motherson Sumi Wiring India Ltd.,Automobile and Auto Components,144.68,152365.84,39.530052,14.21,,4.1311173,10.113999999999999,14.899999999999999,43.0,4.67,132.62,117.96,144.68,145.11,142.62,140.15,147.58,150.07,132.62,117.96,Uptrend,4.33,136.02,153.34,MOTHERSON.NS,2026-06-18 18:13:28,OK
MRF Ltd.,Automobile and Auto Components,130085.0,55170.91,22.754385,10.704,,2.6303782,12.295,13.4,37.1,20.48,129316.7,142921.95,130085.0,129013.33,128436.67,127628.33,129821.67,130398.33,129316.7,142921.95,Sideways,2089.29,125906.43,134263.57,MRF.NS,2026-06-18 18:13:29,OK
Ola Electric Mobility Ltd.,Automobile and Auto Components,,,,,,,,,,,,,,,,,,,,,,,,,OLA.NS,,NO_DATA
Olectra Greentech Ltd.,Automobile and Auto Components,1446.6,11873.8,66.97222,1118.452,,9.67852,,43.3,164.1,15.61,1252.94,1256.17,1446.6,1331.03,1294.57,1234.23,1391.37,1427.83,1252.94,1256.17,Sideways,68.86,1308.87,1584.33,OLECTRA.NS,2026-06-18 18:13:32,OK
Ramkrishna Forgings Ltd.,Automobile and Auto Components,,,,,,,,,,,,,,,,,,,,,,,,,RAMKRISHNA.NS,,NO_DATA
Schaeffler India Ltd.,Automobile and Auto Components,4186.0,65428.71,53.770073,34.459,,10.818298,,18.9,25.5,5.83,4094.22,3955.59,4186.0,4195.0,4138.0,4078.9,4254.1,4311.1,4094.22,3955.59,Uptrend,124.93,3936.14,4435.86,SCHAEFFLER.NS,2026-06-18 18:13:34,OK
Sona BLW Precision Forgings Ltd.,Automobile and Auto Components,,,,,,,,,,,,,,,,,,,,,,,,,SONA.NS,,NO_DATA
Sundram Fasteners Ltd.,Automobile and Auto Components,,,,,,,,,,,,,,,,,,,,,,,,,SUNDRAM.NS,,NO_DATA
Tata Motors Passenger Vehicles Ltd.,Automobile and Auto Components,,,,,,,,,,,,,,,,,,,,,,,,,TATA.NS,,NO_DATA
Tube Investments of India Ltd.,Automobile and Auto Components,,,,,,,,,,,,,,,,,,,,,,,,,TUBE.NS,,NO_DATA
TVS Motor Company Ltd.,Automobile and Auto Components,3457.6,164314.23,54.398994,22.818,,49.174404,31.619000000000003,31.3,19.1,12.6,3499.91,3564.09,3457.6,3448.07,3416.13,3383.57,3480.63,3512.57,3499.91,3564.09,Downtrend,77.24,3324.92,3612.07,TVSMOTOR.NS,2026-06-18 18:13:39,OK
UNO Minda Ltd.,Automobile and Auto Components,,,,,,,,,,,,,,,,,,,,,,,,,UNO.NS,,NO_DATA
ZF Commercial Vehicle Control Systems India Ltd.,Automobile and Auto Components,,,,,,,,,,,,,,,,,,,,,,,,,ZF.NS,,NO_DATA
HDFC Bank Ltd.,Banking,799.0,1230263.6,17.826862,,,2.0987213,13.818,-1.7999999999999998,7.5,21.71,773.68,899.56,799.0,788.17,782.03,776.97,793.23,799.37,773.68,899.56,Sideways,15.94,767.13,830.87,HDFCBANK.NS,2026-06-18 18:13:42,OK
State Bank of India,Banking,,,,,,,,,,,,,,,,,,,,,,,,,STATE.NS,,NO_DATA
ICICI Bank Ltd.,Banking,,,,,,,,,,,,,,,,,,,,,,,,,ICICI.NS,,NO_DATA
Kotak Mahindra Bank Ltd.,Banking,,,,,,,,,,,,,,,,,,,,,,,,,KOTAK.NS,,NO_DATA
Axis Bank Ltd.,Banking,,,,,,,,,,,,,,,,,,,,,,,,,AXIS.NS,,NO_DATA
Bank of Baroda,Banking,,,,,,,,,,,,,,,,,,,,,,,,,BANK.NS,,NO_DATA
Punjab National Bank,Banking,,,,,,,,,,,,,,,,,,,,,,,,,PUNJAB.NS,,NO_DATA
Canara Bank,Banking,,,,,,,,,,,,,,,,,,,,,,,,,CANARA.NS,,NO_DATA
Union Bank of India,Banking,,,,,,,,,,,,,,,,,,,,,,,,,UNION.NS,,NO_DATA
Indian Bank,Banking,,,,,,,,,,,,,,,,,,,,,,,,,INDIAN.NS,,NO_DATA
IDBI Bank Ltd.,Banking,84.62,90986.83,9.793982,,,1.3270396,14.152999,,,28.52,74.5,91.19,84.62,86.64,81.04,71.71,95.97,101.57,74.5,91.19,Sideways,3.83,76.95,92.29,IDBI.NS,2026-06-18 18:13:55,OK
AU Small Finance Bank Ltd.,Banking,,,,,,,,,,,,,,,,,,,,,,,,,AU.NS,,NO_DATA
Bank of India,Banking,,,,,,,,,,,,,,,,,,,,,,,,,BANK.NS,,NO_DATA
IDFC First Bank Ltd.,Banking,,,,,,,,,,,,,,,,,,,,,,,,,IDFC.NS,,NO_DATA
IndusInd Bank Ltd.,Banking,,,,,,,,,,,,,,,,,,,,,,,,,INDUSIND.NS,,NO_DATA
Federal Bank Ltd.,Banking,,,,,,,,,,,,,,,,,,,,,,,,,FEDERAL.NS,,NO_DATA
Indian Overseas Bank,Banking,,,,,,,,,,,,,,,,,,,,,,,,,INDIAN.NS,,NO_DATA
Yes Bank Ltd.,Banking,,,,,,,,,,,,,,,,,,,,,,,,,YES.NS,,NO_DATA
Bank of Maharashtra,Banking,,,,,,,,,,,,,,,,,,,,,,,,,BANK.NS,,NO_DATA
UCO Bank,Banking,,,,,,,,,,,,,,,,,,,,,,,,,UCO.NS,,NO_DATA
Central Bank of India,Banking,,,,,,,,,,,,,,,,,,,,,,,,,CENTRAL.NS,,NO_DATA
Karur Vysya Bank Ltd.,Banking,,,,,,,,,,,,,,,,,,,,,,,,,KARUR.NS,,NO_DATA
Bandhan Bank Ltd.,Banking,,,,,,,,,,,,,,,,,,,,,,,,,BANDHAN.NS,,NO_DATA
City Union Bank Ltd.,Banking,,,,,,,,,,,,,,,,,,,,,,,,,CITY.NS,,NO_DATA
RBL Bank Ltd.,Banking,,,,,,,,,,,,,,,,,,,,,,,,,RBL.NS,,NO_DATA
Jammu & Kashmir Bank Ltd.,Banking,,,,,,,,,,,,,,,,,,,,,,,,,JAMMU.NS,,NO_DATA
Ashok Leyland Ltd.,Capital Goods,,,,,,,,,,,,,,,,,,,,,,,,,ASHOK.NS,,NO_DATA
Cummins India Ltd.,Capital Goods,,,,,,,,,,,,,,,,,,,,,,,,,CUMMINS.NS,,NO_DATA
Siemens Ltd.,Capital Goods,3746.2,133409.87,79.23435,51.801,,9.632389,,14.6,-36.4,4.85,3689.3,3283.41,3746.2,3696.4,3655.0,3584.6,3766.8,3808.2,3689.3,3283.41,Uptrend,93.64,3558.93,3933.47,SIEMENS.NS,2026-06-18 18:14:20,OK
Polycab India Ltd.,Capital Goods,9952.5,149835.4,56.394493,34.573,,12.477371,24.580999000000002,26.900000000000002,8.0,0.61,8890.77,7839.32,9952.5,9838.0,9688.5,9450.5,10076.0,10225.5,8890.77,7839.32,Uptrend,214.0,9524.5,10380.5,POLYCAB.NS,2026-06-18 18:14:21,OK
ABB India Ltd.,Capital Goods,7229.0,153188.56,99.000275,76.179,,19.549355,,0.8,276.0,7.21,6958.01,5777.13,7229.0,7110.5,7033.5,6903.0,7241.0,7318.0,6958.01,5777.13,Uptrend,184.68,6859.64,7598.36,ABB.NS,2026-06-18 18:14:22,OK
CG Power and Industrial Solutions Ltd.,Capital Goods,,,,,,,,,,,,,,,,,,,,,,,,,CG.NS,,NO_DATA
Bharat Heavy Electricals Ltd.,Capital Goods,,,,,,,,,,,,,,,,,,,,,,,,,BHARAT.NS,,NO_DATA
Siemens Energy India Ltd.,Capital Goods,3746.2,133409.87,79.23435,51.801,,9.632389,,14.6,-36.4,4.85,3689.3,3283.41,3746.2,3696.4,3655.0,3584.6,3766.8,3808.2,3689.3,3283.41,Uptrend,93.64,3558.93,3933.47,SIEMENS.NS,2026-06-18 18:14:26,OK
Waaree Energies Ltd.,Capital Goods,,,,,,,,,,,,,,,,,,,,,,,,,WAAREE.NS,,NO_DATA
Hitachi Energy India Ltd.,Capital Goods,,,,,,,,,,,,,,,,,,,,,,,,,HITACHI.NS,,NO_DATA
GE Vernova T&D India Ltd.,Capital Goods,,,,,,,,,,,,,,,,,,,,,,,,,GE.NS,,NO_DATA
Suzlon Energy Ltd.,Capital Goods,58.44,80285.19,25.298702,25.725,,10.229301,40.636002999999995,44.9,-5.6000000000000005,14.44,54.02,51.78,58.44,58.69,57.88,56.49,60.08,60.89,54.02,51.78,Uptrend,2.03,54.37,62.51,SUZLON.NS,2026-06-18 18:14:30,OK
APL Apollo Tubes Ltd.,Capital Goods,,,,,,,,,,,,,,,,,,,,,,,,,APL.NS,,NO_DATA
Supreme Industries Ltd.,Capital Goods,45.89,178.06,509.88885,-78.662,,0.31999832,0.062,1260.0,,53.1,50.14,66.75,45.89,46.84,43.95,42.32,48.47,51.36,50.14,66.75,Downtrend,2.07,47.64,50.02,SUPREME.NS,2026-06-18 18:14:33,OK
Escorts Kubota Ltd.,Capital Goods,2809.7,30914.4,22.615099,16.27,,2.4987283,12.0220006,21.4,0.6,32.44,3026.7,3418.17,2809.7,2842.77,2810.43,2789.87,2863.33,2895.67,3026.7,3418.17,Downtrend,71.02,2875.36,2951.74,ESCORTS.NS,2026-06-18 18:14:34,OK
Cochin Shipyard Ltd.,Capital Goods,,,,,,,,,,,,,,,,,,,,,,,,,COCHIN.NS,,NO_DATA
Astral Ltd.,Capital Goods,1565.7,42062.56,78.20679,38.908,,10.363657,13.797999999999998,24.2,18.9,11.48,1552.03,1505.19,1565.7,1559.43,1543.87,1522.53,1580.77,1596.33,1552.03,1505.19,Uptrend,40.86,1483.97,1647.43,ASTRAL.NS,2026-06-18 18:14:36,OK
KEI Industries Ltd.,Capital Goods,5630.5,53827.91,58.72445,40.873,,8.076153,14.753,18.7,25.5,0.96,5080.41,4454.55,5630.5,5575.67,5478.33,5313.17,5740.83,5838.17,5080.41,4454.55,Uptrend,175.04,5280.43,5980.57,KEI.NS,2026-06-18 18:14:37,OK
Thermax Ltd.,Capital Goods,4696.3,52903.19,73.242355,51.679,,9.534414,13.691,11.1,18.7,7.46,4403.1,3417.52,4696.3,4760.8,4723.6,4672.8,4811.6,4848.8,4403.1,3417.52,Uptrend,177.92,4340.46,5052.14,THERMAX.NS,2026-06-18 18:14:38,OK
AIA Engineering Ltd.,Capital Goods,,,,,,,,,,,,,,,,,,,,,,,,,AIA.NS,,NO_DATA
Premier Energies Ltd.,Capital Goods,2.91,9.32,,,,-0.02568516,,-71.8,,29.88,2.97,3.12,2.91,2.97,2.9,2.81,3.06,3.13,2.97,3.12,Downtrend,0.12,2.82,3.16,PREMIER.NS,2026-06-18 18:14:40,OK
Apar Industries Ltd.,Capital Goods,,,,,,,,,,,,,,,,,,,,,,,,,APAR.NS,,NO_DATA
Honeywell Automation India Ltd.,Capital Goods,,,,,,,,,,,,,,,,,,,,,,,,,HONEYWELL.NS,,NO_DATA
PTC Industries Ltd.,Capital Goods,188.95,5593.08,9.235093,4.284,,0.93483144,10.3769995,28.9,-70.0,17.67,194.38,171.2,188.95,192.19,188.59,186.5,194.28,197.88,194.38,171.2,Sideways,6.47,184.67,201.89,PTC.NS,2026-06-18 18:14:43,OK
Kaynes Technology India Ltd.,Capital Goods,3385.5,22694.58,62.30217,38.133,,4.8829207,9.568,26.200000000000003,-26.3,56.06,3655.28,4720.06,3385.5,3240.0,3194.0,3139.7,3294.3,3340.3,3655.28,4720.06,Downtrend,100.65,3472.51,3586.8,KAYNES.NS,2026-06-18 18:14:44,OK
Timken India Ltd.,Capital Goods,3573.9,26882.42,64.69768,42.729,,9.221683,14.407,16.0,-15.299999999999999,5.33,3548.41,3209.19,3573.9,3622.73,3565.47,3522.93,3665.27,3722.53,3548.41,3209.19,Uptrend,100.09,3373.71,3774.09,TIMKEN.NS,2026-06-18 18:14:44,OK
Shyam Metalics and Energy Ltd.,Capital Goods,,,,,,,,,,,,,,,,,,,,,,,,,SHYAM.NS,,NO_DATA
HBL Engineering Ltd.,Capital Goods,,,,,,,,,,,,,,,,,,,,,,,,,HBL.NS,,NO_DATA
Welspun Corp Ltd.,Capital Goods,,,,,,,,,,,,,,,,,,,,,,,,,WELSPUN.NS,,NO_DATA
Jyoti CNC Automation Ltd.,Capital Goods,,,,,,,,,,,,,,,,,,,,,,,,,JYOTI.NS,,NO_DATA
Inox Wind Ltd.,Capital Goods,,,,,,,,,,,,,,,,,,,,,,,,,INOX.NS,,NO_DATA
Godawari Power & Ispat Ltd.,Capital Goods,,,,,,,,,,,,,,,,,,,,,,,,,GODAWARI.NS,,NO_DATA
Kirloskar Oil Eng Ltd.,Capital Goods,,,,,,,,,,,,,,,,,,,,,,,,,KIRLOSKAR.NS,,NO_DATA
Carborundum Universal Ltd.,Capital Goods,,,,,,,,,,,,,,,,,,,,,,,,,CARBORUNDUM.NS,,NO_DATA
R R Kabel Ltd.,Capital Goods,,,,,,,,,,,,,,,,,,,,,,,,,R.NS,,NO_DATA
Triveni Turbine Ltd.,Capital Goods,405.55,8936.82,33.241802,19.86,,2.884116,8.2650006,-7.3999999999999995,-11.1,6.77,389.4,369.33,405.55,404.07,399.98,394.47,409.58,413.67,389.4,369.33,Uptrend,15.33,374.9,436.2,TRIVENI.NS,2026-06-18 18:14:57,OK
Schneider Electric Infrastructure Ltd.,Capital Goods,1301.0,31107.44,146.83974,76.601,,47.219803,31.813000000000002,0.5,-59.599999999999994,8.24,1203.24,902.25,1301.0,1238.87,1202.93,1139.27,1302.53,1338.47,1203.24,902.25,Uptrend,72.43,1156.14,1445.86,SCHNEIDER.NS,2026-06-18 18:14:58,OK
Elgi Equipments Ltd.,Capital Goods,,,,,,,,,,,,,,,,,,,,,,,,,ELGI.NS,,NO_DATA
Jupiter Wagons Ltd.,Capital Goods,,,,,,,,,,,,,,,,,,,,,,,,,JUPITER.NS,,NO_DATA
Syrma SGS Technology Ltd.,Capital Goods,1346.8,25942.73,79.739494,45.27,,9.00129,14.142999,58.4,43.7,0.4,1068.83,859.31,1346.8,1301.43,1280.87,1263.43,1318.87,1339.43,1068.83,859.31,Uptrend,51.75,1243.3,1450.3,SYRMA.NS,2026-06-18 18:15:01,OK
Usha Martin Ltd.,Capital Goods,,,,,,,,,,,,,,,,,,,,,,,,,USHA.NS,,NO_DATA
KSB Ltd.,Capital Goods,878.15,15283.25,58.975822,40.77,,9.104057,,1.0,-23.200000000000003,14.18,873.17,792.43,878.15,868.43,861.87,853.48,876.82,883.38,873.17,792.43,Uptrend,28.0,829.51,934.15,KSB.NS,2026-06-18 18:15:03,OK
Graphite India Ltd.,Capital Goods,649.05,12680.85,72.35786,51.069,,2.1722977,2.9170000000000003,22.5,,19.11,709.66,624.58,649.05,660.67,655.13,648.02,667.78,673.32,709.66,624.58,Sideways,24.96,674.18,698.98,GRAPHITE.NS,2026-06-18 18:15:04,OK
Kirloskar Brothers Ltd.,Capital Goods,,,,,,,,,,,,,,,,,,,,,,,,,KIRLOSKAR.NS,,NO_DATA
Jindal Saw Ltd.,Capital Goods,,,,,,,,,,,,,,,,,,,,,,,,,JINDAL.NS,,NO_DATA
Finolex Cables Ltd.,Capital Goods,,,,,,,,,,,,,,,,,,,,,,,,,FINOLEX.NS,,NO_DATA
Finolex Industries Ltd.,Capital Goods,,,,,,,,,,,,,,,,,,,,,,,,,FINOLEX.NS,,NO_DATA
Titagarh Rail Systems Ltd.,Capital Goods,932.6,12559.67,103.27796,35.817,,5.161669,4.9200002,-12.9,-18.8,3.95,797.68,805.31,932.6,909.23,895.67,870.93,933.97,947.53,797.68,805.31,Sideways,35.1,862.41,1002.79,TITAGARH.NS,2026-06-18 18:15:10,OK
H.E.G. Ltd.,Capital Goods,538.65,10394.74,27.259617,18.956,,2.1830585,7.338,11.200000000000001,,21.93,588.14,548.89,538.65,544.83,541.77,537.93,548.67,551.73,588.14,548.89,Sideways,15.95,558.73,570.56,HEG.NS,2026-06-18 18:15:11,OK
INOX India Ltd.,Capital Goods,,,,,,,,,,,,,,,,,,,,,,,,,INOX.NS,,NO_DATA
Action Construction Equipment Ltd.,Capital Goods,,,,,,,,,,,,,,,,,,,,,,,,,ACTION.NS,,NO_DATA
RHI MAGNESITA INDIA LTD.,Capital Goods,,,,,,,,,,,,,,,,,,,,,,,,,RHI.NS,,NO_DATA
Elecon Engineering Co. Ltd.,Capital Goods,535.0,12005.4,35.22054,22.614,,5.1559806,15.851,-6.5,-95.89999999999999,21.37,502.93,489.07,535.0,559.48,552.52,546.38,565.62,572.58,502.93,489.07,Uptrend,22.46,490.07,579.93,ELECON.NS,2026-06-18 18:15:15,OK
Transformers And Rectifiers (India) Ltd.,Capital Goods,,,,,,,,,,,,,,,,,,,,,,,,,TRANSFORMERS.NS,,NO_DATA
Maharashtra Seamless Ltd.,Capital Goods,,,,,,,,,,,,,,,,,,,,,,,,,MAHARASHTRA.NS,,NO_DATA
Praj Industries Ltd.,Capital Goods,,,,,,,,,,,,,,,,,,,,,,,,,PRAJ.NS,,NO_DATA
Aarti Industries Ltd.,Chemicals,,,,,,,,,,,,,,,,,,,,,,,,,AARTI.NS,,NO_DATA
Alkyl Amines Chemicals Ltd.,Chemicals,,,,,,,,,,,,,,,,,,,,,,,,,ALKYL.NS,,NO_DATA
Atul Ltd.,Chemicals,6500.0,19137.14,28.206907,17.364,,3.0756652,11.529,15.0,66.10000000000001,16.26,6767.35,6294.72,6500.0,6510.67,6379.33,6303.67,6586.33,6717.67,6767.35,6294.72,Sideways,161.32,6428.98,6822.64,ATUL.NS,2026-06-18 18:15:22,OK
BASF India Ltd.,Chemicals,3469.3,15017.09,36.048424,21.394,,3.7945664,10.965,4.8,155.0,33.78,3591.78,3915.37,3469.3,3489.07,3453.13,3403.87,3538.33,3574.27,3591.78,3915.37,Downtrend,102.54,3412.19,3674.37,BASF.NS,2026-06-18 18:15:23,OK
Bayer Cropscience Ltd.,Chemicals,,,,,,,,,,,,,,,,,,,,,,,,,BAYER.NS,,NO_DATA
Chambal Fertilizers & Chemicals Ltd.,Chemicals,,,,,,,,,,,,,,,,,,,,,,,,,CHAMBAL.NS,,NO_DATA
Clean Science and Technology Ltd.,Chemicals,781.7,8308.1,36.156338,22.407,,5.2483873,15.309000000000001,-5.5,-21.4,48.33,783.57,877.98,781.7,781.6,773.2,767.75,787.05,795.45,783.57,877.98,Downtrend,25.41,744.39,832.52,CLEAN.NS,2026-06-18 18:15:26,OK
Coromandel International Ltd.,Chemicals,2068.2,60907.42,31.185162,18.788,,4.851695,15.587000000000002,20.4,-75.8,23.63,1933.79,2146.9,2068.2,2032.47,2000.23,1964.57,2068.13,2100.37,1933.79,2146.9,Sideways,70.3,1927.6,2208.8,COROMANDEL.NS,2026-06-18 18:15:27,OK
Deepak Fertilisers & Petrochemicals Corp. Ltd.,Chemicals,,,,,,,,,,,,,,,,,,,,,,,,,DEEPAK.NS,,NO_DATA
Deepak Nitrite Ltd.,Chemicals,,,,,,,,,,,,,,,,,,,,,,,,,DEEPAK.NS,,NO_DATA
Fertilisers and Chemicals Travancore Ltd.,Chemicals,,,,,,,,,,,,,,,,,,,,,,,,,FERTILISERS.NS,,NO_DATA
Gujarat Fluorochemicals Ltd.,Chemicals,,,,,,,,,,,,,,,,,,,,,,,,,GUJARAT.NS,,NO_DATA
Himadri Speciality Chemical Ltd.,Chemicals,,,,,,,,,,,,,,,,,,,,,,,,,HIMADRI.NS,,NO_DATA
Jubilant Ingrevia Ltd.,Chemicals,,,,,,,,,,,,,,,,,,,,,,,,,JUBILANT.NS,,NO_DATA
Linde India Ltd.,Chemicals,,,,,,,,,,,,,,,,,,,,,,,,,LINDE.NS,,NO_DATA
Navin Fluorine International Ltd.,Chemicals,,,,,,,,,,,,,,,,,,,,,,,,,NAVIN.NS,,NO_DATA
PCBL Chemical Ltd.,Chemicals,306.25,12049.79,59.581715,16.095,,3.0164688,5.125,-1.0,-61.3,28.81,289.33,311.85,306.25,310.28,304.77,299.83,315.22,320.73,289.33,311.85,Sideways,10.75,284.76,327.74,PCBL.NS,2026-06-18 18:15:39,OK
PI Industries Ltd.,Chemicals,,,,,,,,,,,,,,,,,,,,,,,,,PI.NS,,NO_DATA
Pidilite Industries Ltd.,Chemicals,,,,,,,,,,,,,,,,,,,,,,,,,PIDILITE.NS,,NO_DATA
Rashtriya Chemicals & Fertilizers Ltd.,Chemicals,,,,,,,,,,,,,,,,,,,,,,,,,RASHTRIYA.NS,,NO_DATA
Solar Industries India Ltd.,Chemicals,,,,,,,,,,,,,,,,,,,,,,,,,SOLAR.NS,,NO_DATA
SRF Ltd.,Chemicals,2703.0,80118.55,43.589745,23.79,,5.705685,13.763,7.000000000000001,10.6,18.45,2632.92,2797.29,2703.0,2705.57,2651.13,2596.77,2759.93,2814.37,2632.92,2797.29,Sideways,69.03,2564.94,2841.06,SRF.NS,2026-06-18 18:15:46,OK
Sumitomo Chemical India Ltd.,Chemicals,,,,,,,,,,,,,,,,,,,,,,,,,SUMITOMO.NS,,NO_DATA
Swan Corp Ltd.,Chemicals,,,,,,,,,,,,,,,,,,,,,,,,,SWAN.NS,,NO_DATA
Tata Chemicals Ltd.,Chemicals,,,,,,,,,,,,,,,,,,,,,,,,,TATA.NS,,NO_DATA
UPL Ltd.,Chemicals,610.8,51629.96,27.341091,7.861,,1.4859362,5.614,17.7,33.2,24.8,639.39,691.09,610.8,613.8,608.85,603.3,619.35,624.3,639.39,691.09,Downtrend,14.21,607.42,639.21,UPL.NS,2026-06-18 18:15:51,OK
ACC Ltd.,Construction Materials,1358.9,25518.41,11.977964,9.237,,1.2417394,10.9280005,32.300000000000004,-68.30000000000001,32.63,1378.43,1628.7,1358.9,1350.43,1342.27,1334.53,1358.17,1366.33,1378.43,1628.7,Downtrend,28.46,1309.5,1415.82,ACC.NS,2026-06-18 18:15:52,OK
Afcons Infrastructure Ltd.,Construction,319.15,11737.85,46.933823,12.111,,2.1480734,4.681,-18.9,,33.43,325.59,366.75,319.15,322.03,314.27,309.43,326.87,334.63,325.59,366.75,Downtrend,11.36,309.31,341.88,AFCONS.NS,2026-06-18 18:15:52,OK
Ambuja Cements Ltd.,Construction Materials,,,,,,,,,,,,,,,,,,,,,,,,,AMBUJA.NS,,NO_DATA
Dalmia Bharat Ltd.,Construction Materials,,,,,,,,,,,,,,,,,,,,,,,,,DALMIA.NS,,NO_DATA
Engineers India Ltd.,Construction,,,,,,,,,,,,,,,,,,,,,,,,,ENGINEERS.NS,,NO_DATA
Grasim Industries Ltd.,Construction Materials,3145.1,213292.13,42.983467,13.315,,2.0612402,6.287,10.5,60.8,1.72,2957.16,2830.27,3145.1,3155.43,3110.87,3071.33,3194.97,3239.53,2957.16,2830.27,Uptrend,60.35,3024.4,3265.8,GRASIM.NS,2026-06-18 18:15:58,OK
India Cements Ltd.,Construction Materials,,,,,,,,,,,,,,,,,,,,,,,,,INDIA.NS,,NO_DATA
IRB Infrastructure Developers Ltd.,Construction,21.42,25871.08,30.6,16.21,,1.2116755,4.170999999999999,-17.2,43.4,14.45,21.35,21.14,21.42,21.35,21.14,20.95,21.54,21.75,21.35,21.14,Uptrend,0.57,20.28,22.57,IRB.NS,2026-06-18 18:16:00,OK
IRCON International Ltd.,Construction,139.18,13090.1,21.98736,17.798,,1.9690732,9.084,-6.5,-8.799999999999999,32.1,144.06,154.56,139.18,140.62,139.0,137.27,142.35,143.97,144.06,154.56,Downtrend,4.17,136.86,147.52,IRCON.NS,2026-06-18 18:16:01,OK
J.K. Cement Ltd.,Construction Materials,,,,,,,,,,,,,,,,,,,,,,,,,JK.NS,,NO_DATA
JSW Cement Ltd.,Construction Materials,,,,,,,,,,,,,,,,,,,,,,,,,JSW.NS,,NO_DATA
Kalpataru Projects International Ltd.,Construction,326.55,6724.12,68.459114,68.18,,1.7178072,2.447,183.8,1003.8000000000001,28.61,327.72,344.9,326.55,332.3,326.6,323.15,335.75,341.45,327.72,344.9,Downtrend,10.69,311.33,347.93,KALPATARU.NS,2026-06-18 18:16:04,OK
Kec International Ltd.,Construction,525.8,13996.8,23.112087,11.407,,2.2730415,10.524999,-7.000000000000001,-28.1,44.13,536.87,669.31,525.8,521.88,513.22,508.13,526.97,535.63,536.87,669.31,Downtrend,14.56,510.03,554.92,KEC.NS,2026-06-18 18:16:05,OK
Larsen & Toubro Ltd.,Construction,4190.0,576405.01,35.873287,18.988,,5.2739563,16.951999,11.700000000000001,-34.5,4.71,3983.27,3886.43,4190.0,4198.13,4181.57,4155.43,4224.27,4240.83,3983.27,3886.43,Uptrend,87.61,4014.79,4365.21,LT.NS,2026-06-18 18:16:05,OK
NBCC (India) Ltd.,Construction,110.15,29740.5,41.25468,22.379,,9.901124,25.225002000000003,-2.5,37.8,12.36,97.27,102.75,110.15,111.62,110.03,107.24,114.41,116.0,97.27,102.75,Sideways,4.3,101.56,118.74,NBCC.NS,2026-06-18 18:16:06,OK
NCC Ltd.,Construction,154.98,9730.37,14.403345,6.498,,1.2370689,9.3219995,1.7000000000000002,-18.8,33.92,156.03,168.53,154.98,154.62,152.79,151.22,156.19,158.02,156.03,168.53,Downtrend,4.35,148.23,163.68,NCC.NS,2026-06-18 18:16:07,OK
Nuvoco Vistas Corporation Ltd.,Construction Materials,311.95,11141.49,31.008945,8.567,,1.0892414,3.742,8.7,-14.899999999999999,34.67,314.34,354.56,311.95,318.22,312.73,305.22,325.73,331.22,314.34,354.56,Downtrend,12.07,298.63,336.09,NUVOCO.NS,2026-06-18 18:16:08,OK
Rail Vikas Nigam Ltd.,Construction,,,,,,,,,,,,,,,,,,,,,,,,,RAIL.NS,,NO_DATA
RITES Ltd.,Construction,212.18,10197.45,24.845432,16.863,,3.8093355,16.396,24.8,-2.1999999999999997,26.97,211.97,225.98,212.18,212.06,210.49,208.87,213.68,215.25,211.97,225.98,Sideways,5.21,201.77,222.59,RITES.NS,2026-06-18 18:16:10,OK
Shree Cement Ltd.,Construction Materials,,,,,,,,,,,,,,,,,,,,,,,,,SHREE.NS,,NO_DATA
Techno Electric & Engineering Company Ltd.,Construction,,,,,,,,,,,,,,,,,,,,,,,,,TECHNO.NS,,NO_DATA
The Ramco Cements Ltd.,Construction Materials,,,,,,,,,,,,,,,,,,,,,,,,,THE.NS,,NO_DATA
UltraTech Cement Ltd.,Construction Materials,,,,,,,,,,,,,,,,,,,,,,,,,ULTRATECH.NS,,NO_DATA
Amber Enterprises India Ltd.,Consumer Durables,7965.5,28092.54,159.34186,32.713,,6.412021,5.583,10.5,11.0,11.24,7786.26,7369.06,7965.5,7852.83,7771.17,7678.33,7945.67,8027.33,7786.26,7369.06,Uptrend,257.93,7449.64,8481.36,AMBER.NS,2026-06-18 18:16:15,OK
Asian Paints Ltd.,Consumer Durables,,,,,,,,,,,,,,,,,,,,,,,,,ASIAN.NS,,NO_DATA
Bata India Ltd.,Consumer Durables,,,,,,,,,,,,,,,,,,,,,,,,,BATA.NS,,NO_DATA
Berger Paints India Ltd.,Consumer Durables,,,,,,,,,,,,,,,,,,,,,,,,,BERGER.NS,,NO_DATA
Blue Star Ltd.,Consumer Durables,,,,,,,,,,,,,,,,,,,,,,,,,BLUE.NS,,NO_DATA
Campus Activewear Ltd.,Consumer Durables,240.5,7349.52,48.882114,24.849,,8.134619,18.053,12.3,25.2,20.9,244.0,258.37,240.5,232.65,230.8,229.4,234.05,235.9,244.0,258.37,Downtrend,7.26,231.8,255.01,CAMPUS.NS,2026-06-18 18:16:21,OK
Century Plyboards (India) Ltd.,Consumer Durables,,,,,,,,,,,,,,,,,,,,,,,,,CENTURY.NS,,NO_DATA
Century Plyboards (India) Ltd.,Consumer Durables,,,,,,,,,,,,,,,,,,,,,,,,,CENTURY.NS,,NO_DATA
Cera Sanitaryware Ltd,Consumer Durables,6160.0,7942.07,38.913456,26.764,,5.396257,14.376000999999999,10.9,-9.700000000000001,13.24,5599.76,5506.56,6160.0,6178.33,6105.67,6055.33,6228.67,6301.33,5599.76,5506.56,Uptrend,195.75,5768.5,6551.5,CERA.NS,2026-06-18 18:16:25,OK
Crompton Greaves Consumer Electricals Ltd.,Consumer Durables,277.1,18111.2,,20.018,,6.0165887,-6.337,10.8,,22.77,272.31,269.18,277.1,272.93,268.97,262.03,279.87,283.83,272.31,269.18,Uptrend,8.32,260.46,293.74,CROMPTON.NS,2026-06-18 18:16:25,OK
Dixon Technologies (India) Ltd.,Consumer Durables,12666.0,77011.67,47.055763,34.396,,14.108998,37.133,2.1,-36.1,31.43,11316.28,12994.19,12666.0,12682.0,12476.0,12119.0,13039.0,13245.0,11316.28,12994.19,Sideways,375.0,11916.0,13416.0,DIXON.NS,2026-06-18 18:16:26,OK
Havells India Ltd.,Consumer Durables,1194.4,74919.56,44.384987,33.955,,7.9234195,18.969999,2.5,39.6,25.73,1217.45,1366.4,1194.4,1195.87,1184.33,1171.87,1208.33,1219.87,1217.45,1366.4,Downtrend,30.8,1156.58,1256.0,HAVELLS.NS,2026-06-18 18:16:27,OK
"JSW Dulux Ltd
",Consumer Durables,,,,,,,,,,,,,,,,,,,,,,,,,JSW.NS,,NO_DATA
Kajaria Ceramics Ltd.,Consumer Durables,,,,,,,,,,,,,,,,,,,,,,,,,KAJARIA.NS,,NO_DATA
Kalyan Jewellers India Ltd.,Consumer Durables,,,,,,,,,,,,,,,,,,,,,,,,,KALYAN.NS,,NO_DATA
PG Electroplast Ltd.,Consumer Durables,,,,,,,,,,,,,,,,,,,,,,,,,PG.NS,,NO_DATA
Titan Company Ltd.,Consumer Durables,4387.9,389226.59,76.63116,49.262,,24.807915,37.127998,80.5,35.099999999999994,4.71,4272.46,3997.46,4387.9,4367.67,4340.33,4300.17,4407.83,4435.17,4272.46,3997.46,Uptrend,105.86,4176.17,4599.63,TITAN.NS,2026-06-18 18:16:33,OK
V-Guard Industries Ltd.,Consumer Durables,,,,,,,,,,,,,,,,,,,,,,,,,V-GUARD.NS,,NO_DATA
Voltas Ltd.,Consumer Durables,1357.6,44920.91,118.87916,61.313,,7.096298,5.7189997,2.5,-51.800000000000004,13.94,1334.66,1378.65,1357.6,1353.33,1324.87,1296.83,1381.37,1409.83,1334.66,1378.65,Sideways,41.12,1275.37,1439.83,VOLTAS.NS,2026-06-18 18:16:35,OK
Whirlpool of India Ltd.,Consumer Durables,807.5,10248.82,34.836063,19.141,,2.462859,7.2459996,8.799999999999999,-32.800000000000004,45.0,870.83,999.76,807.5,789.07,779.98,772.72,796.33,805.42,870.83,999.76,Downtrend,20.45,827.28,848.41,WHIRLPOOL.NS,2026-06-18 18:16:36,OK
Aditya Birla Fashion and Retail Ltd.,Consumer Services,,,,,,,,,,,,,,,,,,,,,,,,,ADITYA.NS,,NO_DATA
Aditya Birla Lifestyle Brands Ltd.,Consumer Services,,,,,,,,,,,,,,,,,,,,,,,,,ADITYA.NS,,NO_DATA
Avenue Supermarts Ltd.,Consumer Services,,,,,,,,,,,,,,,,,,,,,,,,,AVENUE.NS,,NO_DATA
BLS International Services Ltd.,Consumer Services,266.85,10981.47,16.03666,12.348,,4.4582,30.142999999999997,17.599999999999998,31.4,35.04,273.3,297.36,266.85,265.1,262.05,259.5,267.65,270.7,273.3,297.36,Downtrend,9.1,259.64,285.05,BLS.NS,2026-06-18 18:16:40,OK
Brainbees Solutions Ltd.,Consumer Services,,,,,,,,,,,,,,,,,,,,,,,,,BRAINBEES.NS,,NO_DATA
Chalet Hotels Ltd.,Consumer Services,776.65,17008.18,26.398708,15.661,,4.595998,19.131999999999998,6.0,31.3,28.14,775.37,858.22,776.65,772.13,760.27,739.53,792.87,804.73,775.37,858.22,Sideways,24.1,736.61,824.84,CHALET.NS,2026-06-18 18:16:42,OK
Devyani International Ltd.,Consumer Services,115.28,14213.33,,21.061,,9.386094,-2.5880001,18.5,,39.64,114.1,134.59,115.28,113.03,112.15,111.03,114.15,115.03,114.1,134.59,Sideways,4.67,108.39,124.62,DEVYANI.NS,2026-06-18 18:16:43,OK
EIH Ltd.,Consumer Services,,,,,,,,,,,,,,,,,,,,,,,,,EIH.NS,,NO_DATA
Eternal Ltd.,Consumer Services,258.55,237708.06,680.3947,190.576,,7.642851,1.194,196.5,375.0,29.83,249.35,281.29,258.55,258.03,253.57,248.73,262.87,267.33,249.35,281.29,Sideways,8.11,242.32,274.78,ETERNAL.NS,2026-06-18 18:16:45,OK
FSN E-Commerce Ventures Ltd.,Consumer Services,,,,,,,,,,,,,,,,,,,,,,,,,FSN.NS,,NO_DATA
Indiamart Intermesh Ltd.,Consumer Services,2137.7,12855.84,27.13506,18.104,,5.350778,20.703,13.900000000000002,-72.3,23.63,2058.08,2230.52,2137.7,2089.97,2066.03,2042.07,2113.93,2137.87,2058.08,2230.52,Sideways,43.29,2051.13,2224.27,INDIAMART.NS,2026-06-18 18:16:47,OK
Indian Hotels Co. Ltd.,Consumer Services,,,,,,,,,,,,,,,,,,,,,,,,,INDIAN.NS,,NO_DATA
Indian Railway Catering And Tourism Corporation Ltd.,Consumer Services,,,,,,,,,,,,,,,,,,,,,,,,,INDIAN.NS,,NO_DATA
Info Edge (India) Ltd.,Consumer Services,,,,,,,,,,,,,,,,,,,,,,,,,INFO.NS,,NO_DATA
ITC Hotels Ltd.,Consumer Services,291.15,364795.47,17.634766,12.609,,5.0314517,29.34,-5.0,-72.7,28.49,293.88,337.93,291.15,291.03,289.72,288.68,292.07,293.38,293.88,337.93,Downtrend,5.2,280.76,301.54,ITC.NS,2026-06-18 18:16:51,OK
Jubilant Foodworks Ltd.,Consumer Services,,,,,,,,,,,,,,,,,,,,,,,,,JUBILANT.NS,,NO_DATA
Leela Palaces Hotels & Resorts Ltd.,Consumer Services,,,,,,,,,,,,,,,,,,,,,,,,,LEELA.NS,,NO_DATA
Lemon Tree Hotels Ltd.,Consumer Services,,,,,,,,,,,,,,,,,,,,,,,,,LEMON.NS,,NO_DATA
Sapphire Foods India Ltd.,Consumer Services,184.82,5946.73,,15.235,,4.295642,-2.2950001,11.4,,49.78,179.61,227.12,184.82,181.25,179.49,176.75,183.99,185.75,179.61,227.12,Sideways,8.52,170.63,201.86,SAPPHIRE.NS,2026-06-18 18:16:55,OK
Swiggy Ltd.,Consumer Services,255.95,66701.97,,-17.775,,3.3474581,-29.116999999999997,44.7,,46.0,264.62,344.62,255.95,262.63,255.27,251.08,266.82,274.18,264.62,344.62,Downtrend,10.23,251.39,276.4,SWIGGY.NS,2026-06-18 18:16:56,OK
TBO Tek Ltd.,Consumer Services,,,,,,,,,,,,,,,,,,,,,,,,,TBO.NS,,NO_DATA
Trent Ltd.,Consumer Services,3179.7,169551.87,98.84054,56.502,,24.27474,27.126,19.2,25.8,49.14,2793.64,3495.26,3179.7,3040.93,2966.87,2830.93,3176.87,3250.93,2793.64,3495.26,Sideways,102.16,2975.38,3384.02,TRENT.NS,2026-06-18 18:16:58,OK
Valor Estate Ltd.,Consumer Services,,,,,,,,,,,,,,,,,,,,,,,,,VALOR.NS,,NO_DATA
Vedant Fashions Ltd.,Consumer Services,,,,,,,,,,,,,,,,,,,,,,,,,VEDANT.NS,,NO_DATA
Ventive Hospitality Ltd.,Consumer Services,650.55,15193.05,35.724876,14.501,,2.758976,7.925,10.100000000000001,32.9,22.39,631.45,697.97,650.55,666.67,650.63,639.62,677.68,693.72,631.45,697.97,Sideways,20.59,609.37,691.73,VENTIVE.NS,2026-06-18 18:17:02,OK
Vishal Mega Mart Ltd.,Consumer Services,,,,,,,,,,,,,,,,,,,,,,,,,VISHAL.NS,,NO_DATA
Bharat Electronics Ltd.,Defence,,,,,,,,,,,,,,,,,,,,,,,,,BHARAT.NS,,NO_DATA
Hindustan Aeronautics Ltd.,Defence,,,,,,,,,,,,,,,,,,,,,,,,,HINDUSTAN.NS,,NO_DATA
Mazagoan Dock Shipbuilders Ltd.,Defence,,,,,,,,,,,,,,,,,,,,,,,,,MAZAGOAN.NS,,NO_DATA
Bharat Dynamics Ltd.,Defence,,,,,,,,,,,,,,,,,,,,,,,,,BHARAT.NS,,NO_DATA
Garden Reach Shipbuilders & Engineers Ltd.,Defence,,,,,,,,,,,,,,,,,,,,,,,,,GARDEN.NS,,NO_DATA
BEML Ltd.,Defence,1773.4,14770.47,104.74896,35.253,,5.275747,,23.7,,27.02,1790.68,1838.53,1773.4,1798.83,1786.47,1764.63,1820.67,1833.03,1790.68,1838.53,Downtrend,55.08,1701.14,1883.56,BEML.NS,2026-06-18 18:17:10,OK
Data Patterns (India) Ltd.,Defence,,,,,,,,,,,,,,,,,,,,,,,,,DATA.NS,,NO_DATA
Zen Technologies Ltd.,Defence,,,,,,,,,,,,,,,,,,,,,,,,,ZEN.NS,,NO_DATA
3M India Ltd.,Diversified,,,,,,,,,,,,,,,,,,,,,,,,,3M.NS,,NO_DATA
DCM Shriram Ltd.,Diversified,94.43,176.37,60.922585,127.406,,3.7743316,6.454,13.5,,30.57,83.73,87.05,94.43,95.89,92.77,88.89,99.77,102.89,83.73,87.05,Sideways,5.5,83.44,105.42,DCM.NS,2026-06-18 18:17:16,OK
Godrej Industries Ltd.,Diversified,,,,,,,,,,,,,,,,,,,,,,,,,GODREJ.NS,,NO_DATA
AWL Agri Business Ltd.,Fast Moving Consumer Goods,192.43,24887.88,23.904346,11.373,,2.3819718,10.519,18.0,53.7,32.72,194.33,224.01,192.43,194.9,191.5,189.42,196.98,200.38,194.33,224.01,Downtrend,5.23,184.62,202.9,AWL.NS,2026-06-18 18:17:18,OK
Balrampur Chini Mills Ltd.,Fast Moving Consumer Goods,,,,,,,,,,,,,,,,,,,,,,,,,BALRAMPUR.NS,,NO_DATA
Bikaji Foods International Ltd.,Fast Moving Consumer Goods,659.85,16544.84,64.0631,41.024,,10.294714,15.959999999999999,17.5,25.8,19.4,661.15,692.67,659.85,666.82,653.28,636.57,683.53,697.07,661.15,692.67,Downtrend,19.18,628.1,698.2,BIKAJI.NS,2026-06-18 18:17:21,OK
Bombay Burmah Trading Corporation Ltd.,Fast Moving Consumer Goods,,,,,,,,,,,,,,,,,,,,,,,,,BOMBAY.NS,,NO_DATA
Britannia Industries Ltd.,Fast Moving Consumer Goods,5245.0,126335.41,49.76753,35.295,,24.74185,53.31399999999999,7.9,21.099999999999998,17.22,5436.7,5804.97,5245.0,5220.67,5202.33,5172.67,5250.33,5268.67,5436.7,5804.97,Downtrend,80.43,5164.86,5405.86,BRITANNIA.NS,2026-06-18 18:17:23,OK
CCL Products (I) Ltd.,Fast Moving Consumer Goods,1132.4,15097.95,38.847343,21.63,,6.432337,18.002000000000002,46.400000000000006,12.4,8.4,1108.6,997.59,1132.4,1115.67,1103.03,1091.47,1127.23,1139.87,1108.6,997.59,Uptrend,47.44,1053.17,1227.29,CCL.NS,2026-06-18 18:17:24,OK
Colgate Palmolive (India) Ltd.,Fast Moving Consumer Goods,,,,,,,,,,,,,,,,,,,,,,,,,COLGATE.NS,,NO_DATA
Dabur India Ltd.,Fast Moving Consumer Goods,428.7,76049.34,40.17807,30.051,,6.6527,16.239999,7.3,15.2,25.31,444.4,486.76,428.7,430.88,425.87,422.73,434.02,439.03,444.4,486.76,Downtrend,9.62,422.18,447.94,DABUR.NS,2026-06-18 18:17:25,OK
DOMS Industries Ltd.,Fast Moving Consumer Goods,2337.3,14184.69,61.964474,35.279,,11.627722,20.091998999999998,18.7,16.8,15.52,2279.28,2420.55,2337.3,2290.97,2232.93,2141.97,2381.93,2439.97,2279.28,2420.55,Sideways,81.11,2175.09,2499.51,DOMS.NS,2026-06-18 18:17:26,OK
E.I.D. Parry (India) Ltd.,Fast Moving Consumer Goods,,,,,,,,,,,,,,,,,,,,,,,,,EID.NS,,NO_DATA
Emami Ltd.,Fast Moving Consumer Goods,,,,,,,,,,,,,,,,,,,,,,,,,EMAMI.NS,,NO_DATA
Gillette India Ltd.,Fast Moving Consumer Goods,7840.0,25546.81,47.930546,26.373,,26.99232,66.443,3.2,21.3,30.09,7863.95,8364.47,7840.0,7898.33,7782.17,7708.33,7972.17,8088.33,7863.95,8364.47,Downtrend,182.36,7475.29,8204.71,GILLETTE.NS,2026-06-18 18:17:30,OK
Godfrey Phillips India Ltd.,Fast Moving Consumer Goods,,,,,,,,,,,,,,,,,,,,,,,,,GODFREY.NS,,NO_DATA
Godrej Agrovet Ltd.,Fast Moving Consumer Goods,,,,,,,,,,,,,,,,,,,,,,,,,GODREJ.NS,,NO_DATA
Godrej Consumer Products Ltd.,Fast Moving Consumer Goods,,,,,,,,,,,,,,,,,,,,,,,,,GODREJ.NS,,NO_DATA
Hindustan Unilever Ltd.,Fast Moving Consumer Goods,,,,,,,,,,,,,,,,,,,,,,,,,HINDUSTAN.NS,,NO_DATA
Honasa Consumer Ltd.,Fast Moving Consumer Goods,406.5,13252.88,66.31321,62.41,,9.352998,15.449001,23.200000000000003,175.5,7.27,371.5,307.92,406.5,401.67,397.98,394.52,405.13,408.82,371.5,307.92,Uptrend,14.3,377.91,435.09,HONASA.NS,2026-06-18 18:17:34,OK
ITC Ltd.,Fast Moving Consumer Goods,291.15,364795.47,17.634766,12.609,,5.0314517,29.34,-5.0,-72.7,28.49,293.88,337.93,291.15,291.03,289.72,288.68,292.07,293.38,293.88,337.93,Downtrend,5.2,280.76,301.54,ITC.NS,2026-06-18 18:17:35,OK
Jyothy Labs Ltd.,Fast Moving Consumer Goods,,,,,,,,,,,,,,,,,,,,,,,,,JYOTHY.NS,,NO_DATA
LT Foods Ltd.,Fast Moving Consumer Goods,4190.0,576405.01,35.873287,18.988,,5.2739563,16.951999,11.700000000000001,-34.5,4.71,3983.27,3886.43,4190.0,4198.13,4181.57,4155.43,4224.27,4240.83,3983.27,3886.43,Uptrend,87.61,4014.79,4365.21,LT.NS,2026-06-18 18:17:37,OK
Marico Ltd.,Fast Moving Consumer Goods,820.75,106358.86,60.438145,43.978,,25.074852,41.393003,22.1,14.499999999999998,3.3,804.04,756.47,820.75,804.0,797.0,789.0,812.0,819.0,804.04,756.47,Uptrend,16.9,786.95,854.55,MARICO.NS,2026-06-18 18:17:38,OK
Nestle India Ltd.,Fast Moving Consumer Goods,,,,,,,,,,,,,,,,,,,,,,,,,NESTLE.NS,,NO_DATA
Patanjali Foods Ltd.,Fast Moving Consumer Goods,424.2,46147.86,25.431656,24.991,,3.5212088,14.832,14.7,45.9,34.62,451.5,523.07,424.2,420.75,414.55,410.1,425.2,431.4,451.5,523.07,Downtrend,12.5,428.92,449.2,PATANJALI.NS,2026-06-18 18:17:40,OK
Procter & Gamble Hygiene & Health Care Ltd.,Fast Moving Consumer Goods,,,,,,,,,,,,,,,,,,,,,,,,,PROCTER.NS,,NO_DATA
Radico Khaitan Ltd,Fast Moving Consumer Goods,3690.0,49420.67,81.83633,40.276,,14.893505,,19.5,62.1,1.2,3392.14,3077.85,3690.0,3584.07,3548.13,3524.07,3608.13,3644.07,3392.14,3077.85,Uptrend,81.94,3526.13,3853.87,RADICO.NS,2026-06-18 18:17:43,OK
Tata Consumer Products Ltd.,Fast Moving Consumer Goods,,,,,,,,,,,,,,,,,,,,,,,,,TATA.NS,,NO_DATA
Triveni Engineering & Industries Ltd.,Fast Moving Consumer Goods,405.55,8936.82,33.241802,19.86,,2.884116,8.2650006,-7.3999999999999995,-11.1,6.77,389.4,369.33,405.55,404.07,399.98,394.47,409.58,413.67,389.4,369.33,Uptrend,15.33,374.9,436.2,TRIVENI.NS,2026-06-18 18:17:45,OK
United Breweries Ltd.,Fast Moving Consumer Goods,,,,,,,,,,,,,,,,,,,,,,,,,UNITED.NS,,NO_DATA
United Spirits Ltd.,Fast Moving Consumer Goods,,,,,,,,,,,,,,,,,,,,,,,,,UNITED.NS,,NO_DATA
Varun Beverages Ltd.,Fast Moving Consumer Goods,,,,,,,,,,,,,,,,,,,,,,,,,VARUN.NS,,NO_DATA
360 ONE WAM Ltd.,Financial Services,,,,,,,,,,,,,,,,,,,,,,,,,360.NS,,NO_DATA
Aadhar Housing Finance Ltd.,Financial Services,,,,,,,,,,,,,,,,,,,,,,,,,AADHAR.NS,,NO_DATA
Aavas Financiers Ltd.,Financial Services,1467.6,11636.27,17.880116,,,2.3010638,13.916,19.2,18.3,31.83,1362.77,1442.52,1467.6,1437.73,1414.57,1376.73,1475.57,1498.73,1362.77,1442.52,Sideways,47.29,1373.01,1562.19,AAVAS.NS,2026-06-18 18:17:52,OK
Aditya Birla Sun Life AMC Ltd.,Financial Services,,,,,,,,,,,,,,,,,,,,,,,,,ADITYA.NS,,NO_DATA
Aditya Birla Capital Ltd.,Financial Services,,,,,,,,,,,,,,,,,,,,,,,,,ADITYA.NS,,NO_DATA
Anand Rathi Wealth Ltd.,Financial Services,,,,,,,,,,,,,,,,,,,,,,,,,ANAND.NS,,NO_DATA
Angel One Ltd.,Financial Services,,,,,,,,,,,,,,,,,,,,,,,,,ANGEL.NS,,NO_DATA
Aptus Value Housing Finance India Ltd.,Financial Services,272.75,13657.76,14.484864,,,2.6946788,20.113,22.1,25.900000000000002,23.85,258.44,271.39,272.75,270.68,267.82,265.53,272.97,275.83,258.44,271.39,Sideways,8.67,255.41,290.09,APTUS.NS,2026-06-18 18:17:58,OK
Authum Investment & Infrastructure Ltd.,Financial Services,,,,,,,,,,,,,,,,,,,,,,,,,AUTHUM.NS,,NO_DATA
Bajaj Finance Ltd.,Financial Services,,,,,,,,,,,,,,,,,,,,,,,,,BAJAJ.NS,,NO_DATA
Bajaj Finserv Ltd.,Financial Services,,,,,,,,,,,,,,,,,,,,,,,,,BAJAJ.NS,,NO_DATA
Bajaj Holdings & Investment Ltd.,Financial Services,,,,,,,,,,,,,,,,,,,,,,,,,BAJAJ.NS,,NO_DATA
Bajaj Housing Finance Ltd.,Financial Services,,,,,,,,,,,,,,,,,,,,,,,,,BAJAJ.NS,,NO_DATA
BSE Ltd.,Financial Services,4014.5,163040.53,66.5203,39.542,,20.736483,36.003,105.1,64.0,9.72,3854.82,2940.49,4014.5,4060.03,3900.17,3801.13,4159.07,4318.93,3854.82,2940.49,Uptrend,163.13,3688.24,4340.76,BSE.NS,2026-06-18 18:18:06,OK
Central Depository Services (India) Ltd.,Financial Services,,,,,,,,,,,,,,,,,,,,,,,,,CENTRAL.NS,,NO_DATA
Computer Age Management Services Ltd.,Financial Services,,,,,,,,,,,,,,,,,,,,,,,,,COMPUTER.NS,,NO_DATA
Can Fin Homes Ltd.,Financial Services,,,,,,,,,,,,,,,,,,,,,,,,,CAN.NS,,NO_DATA
Capri Global Capital Ltd.,Financial Services,,,,,,,,,,,,,,,,,,,,,,,,,CAPRI.NS,,NO_DATA
Choice International Ltd.,Financial Services,,,,,,,,,,,,,,,,,,,,,,,,,CHOICE.NS,,NO_DATA
Cholamandalam Financial Holdings Ltd.,Financial Services,,,,,,,,,,,,,,,,,,,,,,,,,CHOLAMANDALAM.NS,,NO_DATA
Cholamandalam Investment and Finance Company Ltd.,Financial Services,,,,,,,,,,,,,,,,,,,,,,,,,CHOLAMANDALAM.NS,,NO_DATA
CreditAccess Grameen Ltd.,Financial Services,,,,,,,,,,,,,,,,,,,,,,,,,CREDITACCESS.NS,,NO_DATA
CRISIL Ltd.,Financial Services,4121.4,30139.8,35.913208,26.204,,9.935848,,30.099999999999998,45.9,31.9,4095.27,4410.77,4121.4,4075.3,4037.6,3983.7,4129.2,4166.9,4095.27,4410.77,Sideways,110.61,3900.17,4342.63,CRISIL.NS,2026-06-18 18:18:19,OK
Five-Star Business Finance Ltd.,Financial Services,,,,,,,,,,,,,,,,,,,,,,,,,FIVE-STAR.NS,,NO_DATA
General Insurance Corporation of India,Financial Services,,,,,,,,,,,,,,,,,,,,,,,,,GENERAL.NS,,NO_DATA
Go Digit General Insurance Ltd.,Financial Services,,,,,,,,,,,,,,,,,,,,,,,,,GO.NS,,NO_DATA
Housing & Urban Development Corporation Ltd.,Financial Services,,,,,,,,,,,,,,,,,,,,,,,,,HOUSING.NS,,NO_DATA
HDFC Asset Management Company Ltd.,Financial Services,,,,,,,,,,,,,,,,,,,,,,,,,HDFC.NS,,NO_DATA
HDFC Life Insurance Company Ltd.,Financial Services,,,,,,,,,,,,,,,,,,,,,,,,,HDFC.NS,,NO_DATA
Home First Finance Company India Ltd.,Financial Services,,,,,,,,,,,,,,,,,,,,,,,,,HOME.NS,,NO_DATA
Indian Railway Finance Corporation Ltd.,Financial Services,,,,,,,,,,,,,,,,,,,,,,,,,INDIAN.NS,,NO_DATA
ICICI Lombard General Insurance Company Ltd.,Financial Services,,,,,,,,,,,,,,,,,,,,,,,,,ICICI.NS,,NO_DATA
ICICI Prudential Life Insurance Company Ltd.,Financial Services,,,,,,,,,,,,,,,,,,,,,,,,,ICICI.NS,,NO_DATA
IFCI Ltd.,Financial Services,82.31,22176.9,119.28985,,,2.4331195,,,,14.08,66.45,57.75,82.31,91.62,87.45,84.82,94.25,98.42,66.45,57.75,Uptrend,6.74,68.83,95.79,IFCI.NS,2026-06-18 18:18:34,OK
IIFL Finance Ltd.,Financial Services,529.2,22503.06,13.653252,,,1.6166728,12.286,-14.099999999999998,183.1,21.02,472.37,505.29,529.2,532.02,526.13,521.12,537.03,542.92,472.37,505.29,Sideways,20.94,487.31,571.09,IIFL.NS,2026-06-18 18:18:35,OK
Indian Energy Exchange Ltd.,Financial Services,,,,,,,,,,,,,,,,,,,,,,,,,INDIAN.NS,,NO_DATA
Indian Renewable Energy Development Agency Ltd.,Financial Services,,,,,,,,,,,,,,,,,,,,,,,,,INDIAN.NS,,NO_DATA
Jio Financial Services Ltd.,Financial Services,,,,,,,,,,,,,,,,,,,,,,,,,JIO.NS,,NO_DATA
JM Financial Ltd.,Financial Services,,,,,,,,,,,,,,,,,,,,,,,,,JM.NS,,NO_DATA
Kfin Technologies Ltd.,Financial Services,,,,,,,,,,,,,,,,,,,,,,,,,KFIN.NS,,NO_DATA
L&T Finance Ltd.,Financial Services,,,,,,,,,,,,,,,,,,,,,,,,,L&T.NS,,NO_DATA
LIC Housing Finance Ltd.,Financial Services,,,,,,,,,,,,,,,,,,,,,,,,,LIC.NS,,NO_DATA
Life Insurance Corporation of India,Financial Services,,,,,,,,,,,,,,,,,,,,,,,,,LIFE.NS,,NO_DATA
Mahindra & Mahindra Financial Services Ltd.,Financial Services,,,,,,,,,,,,,,,,,,,,,,,,,MAHINDRA.NS,,NO_DATA
Maharashtra Scooters Ltd.,Financial Services,,,,,,,,,,,,,,,,,,,,,,,,,MAHARASHTRA.NS,,NO_DATA
Manappuram Finance Ltd.,Financial Services,321.35,30185.57,27.442358,,,1.6955189,6.968000000000001,109.3,,3.79,302.44,288.88,321.35,319.4,316.9,314.75,321.55,324.05,302.44,288.88,Uptrend,10.21,300.92,341.78,MANAPPURAM.NS,2026-06-18 18:18:50,OK
Max Financial Services Ltd.,Financial Services,,,,,,,,,,,,,,,,,,,,,,,,,MAX.NS,,NO_DATA
Motilal Oswal Financial Services Ltd.,Financial Services,,,,,,,,,,,,,,,,,,,,,,,,,MOTILAL.NS,,NO_DATA
Multi Commodity Exchange of India Ltd.,Financial Services,,,,,,,,,,,,,,,,,,,,,,,,,MULTI.NS,,NO_DATA
Muthoot Finance Ltd.,Financial Services,,,,,,,,,,,,,,,,,,,,,,,,,MUTHOOT.NS,,NO_DATA
The New India Assurance Company Ltd.,Financial Services,,,,,,,,,,,,,,,,,,,,,,,,,THE.NS,,NO_DATA
Nippon Life India Asset Management Ltd.,Financial Services,,,,,,,,,,,,,,,,,,,,,,,,,NIPPON.NS,,NO_DATA
Niva Bupa Health Insurance Company Ltd.,Financial Services,,,,,,,,,,,,,,,,,,,,,,,,,NIVA.NS,,NO_DATA
Nuvama Wealth Management Ltd.,Financial Services,1720.4,31369.16,30.650276,,,7.5972958,27.317000000000004,6.2,4.3,3.29,1468.08,1369.48,1720.4,1708.37,1681.53,1636.37,1753.53,1780.37,1468.08,1369.48,Uptrend,59.7,1601.0,1839.8,NUVAMA.NS,2026-06-18 18:19:01,OK
One 97 Communications Ltd.,Financial Services,,,,,,,,,,,,,,,,,,,,,,,,,ONE.NS,,NO_DATA
PB Fintech Ltd.,Financial Services,,,,,,,,,,,,,,,,,,,,,,,,,PB.NS,,NO_DATA
PNB Housing Finance Ltd.,Financial Services,109.58,125939.67,6.84875,,,0.8397514,12.985,15.2,1.9,16.56,105.1,112.42,109.58,108.5,107.8,106.73,109.57,110.27,105.1,112.42,Sideways,2.65,104.28,114.88,PNB.NS,2026-06-18 18:19:06,OK
Poonawalla Fincorp Ltd.,Financial Services,404.5,35420.04,59.31085,,,3.1617124,5.8500000000000005,67.4,287.7,29.08,409.6,445.98,404.5,404.15,401.6,397.95,407.8,410.35,409.6,445.98,Downtrend,11.65,389.12,427.79,POONAWALLA.NS,2026-06-18 18:19:06,OK
Power Finance Corporation Ltd.,Financial Services,,,,,,,,,,,,,,,,,,,,,,,,,POWER.NS,,NO_DATA
REC Ltd.,Financial Services,,,,,,,,,,,,,,,,,,,,,,,,,REC.NS,,NO_DATA
Sammaan Capital Ltd.,Financial Services,,,,,,,,,,,,,,,,,,,,,,,,,SAMMAAN.NS,,NO_DATA
SBFC Finance Ltd.,Financial Services,91.95,10175.16,22.426828,,,2.705685,13.038999,24.4,28.999999999999996,25.24,93.25,99.93,91.95,92.61,91.56,90.95,93.22,94.27,93.25,99.93,Downtrend,2.47,88.59,96.89,SBFC.NS,2026-06-18 18:19:12,OK
SBI Cards and Payment Services Ltd.,Financial Services,,,,,,,,,,,,,,,,,,,,,,,,,SBI.NS,,NO_DATA
SBI Life Insurance Company Ltd.,Financial Services,,,,,,,,,,,,,,,,,,,,,,,,,SBI.NS,,NO_DATA
Shriram Finance Ltd.,Financial Services,,,,,,,,,,,,,,,,,,,,,,,,,SHRIRAM.NS,,NO_DATA
Star Health and Allied Insurance Company Ltd.,Financial Services,1110.8,10238.55,18.415121,12.701,,3.295292,20.033,11.200000000000001,54.400000000000006,9.76,1079.21,933.99,1110.8,1107.67,1097.43,1087.97,1117.13,1127.37,1079.21,933.99,Uptrend,44.85,1025.25,1200.5,STAR.NS,2026-06-18 18:19:16,OK
Sundaram Finance Ltd.,Financial Services,1.36,64.45,19.428572,17.099,,0.8242425,3.5680000000000005,11.899999999999999,,42.86,1.4,1.64,1.36,1.36,1.34,1.32,1.38,1.4,1.4,1.64,Downtrend,0.05,1.33,1.46,SUNDARAM.NS,2026-06-18 18:19:17,OK
Tata Investment Corporation Ltd.,Financial Services,,,,,,,,,,,,,,,,,,,,,,,,,TATA.NS,,NO_DATA
UTI Asset Management Company Ltd.,Financial Services,,,,,,,,,,,,,,,,,,,,,,,,,UTI.NS,,NO_DATA
Aditya Birla Real Estate Ltd.,Realty,,,,,,,,,,,,,,,,,,,,,,,,,ADITYA.NS,,NO_DATA
Apollo Hospitals Enterprise Ltd.,Healthcare,426.6,15387.07,135.85986,70.64,,11.212742,11.21,81.3,134.8,4.54,341.6,281.46,426.6,438.75,433.1,427.45,444.4,450.05,341.6,281.46,Uptrend,24.57,377.46,475.74,APOLLO.NS,2026-06-18 18:19:22,OK
Aster DM Healthcare Ltd.,Healthcare,,,,,,,,,,,,,,,,,,,,,,,,,ASTER.NS,,NO_DATA
Dr. Agarwal's Health Care Ltd.,Healthcare,,,,,,,,,,,,,,,,,,,,,,,,,DR.NS,,NO_DATA
Dr. Lal Path Labs Ltd.,Healthcare,,,,,,,,,,,,,,,,,,,,,,,,,DR.NS,,NO_DATA
Fortis Healthcare Ltd.,Healthcare,958.75,72381.62,69.6766,36.618,,7.31457,11.006,17.8,44.3,13.18,943.09,929.3,958.75,955.08,937.37,925.08,967.37,985.08,943.09,929.3,Uptrend,25.7,907.36,1010.14,FORTIS.NS,2026-06-18 18:19:27,OK
Global Health Ltd.,Healthcare,111.38,566.94,21.337166,16.782,,4.6009583,19.736,46.5,93.7,8.63,103.91,87.22,111.38,104.16,102.91,101.46,105.61,106.86,103.91,87.22,Uptrend,4.56,102.25,120.51,GLOBAL.NS,2026-06-18 18:19:28,OK
Indegene Ltd.,Healthcare,,,,,,,,,,,,,,,,,,,,,,,,,INDEGENE.NS,,NO_DATA
Krishna Institute of Medical Sciences Ltd.,Healthcare,,,,,,,,,,,,,,,,,,,,,,,,,KRISHNA.NS,,NO_DATA
Max Healthcare Institute Ltd.,Healthcare,,,,,,,,,,,,,,,,,,,,,,,,,MAX.NS,,NO_DATA
Metropolis Healthcare Ltd.,Healthcare,542.5,11247.76,59.03156,27.674,,7.4186006,13.373,23.0,73.0,9.4,511.85,490.51,542.5,547.82,535.78,525.97,557.63,569.67,511.85,490.51,Uptrend,20.29,501.91,583.09,METROPOLIS.NS,2026-06-18 18:19:32,OK
Narayana Hrudayalaya Ltd.,Healthcare,,,,,,,,,,,,,,,,,,,,,,,,,NARAYANA.NS,,NO_DATA
Poly Medicure Ltd.,Healthcare,,,,,,,,,,,,,,,,,,,,,,,,,POLY.NS,,NO_DATA
Rainbow Childrens Medicare Ltd.,Healthcare,1450.0,14708.81,52.80408,27.398,,8.930661,17.941,24.3,39.1,11.89,1317.1,1303.76,1450.0,1436.8,1424.6,1404.7,1456.7,1468.9,1317.1,1303.76,Uptrend,36.65,1376.7,1523.3,RAINBOW.NS,2026-06-18 18:19:35,OK
Vijaya Diagnostic Centre Ltd.,Healthcare,1305.6,13434.2,77.946266,40.061,,15.516442,19.698,26.6,38.0,8.56,1203.67,1049.85,1305.6,1311.87,1282.63,1265.77,1328.73,1357.97,1203.67,1049.85,Uptrend,63.76,1178.07,1433.13,VIJAYA.NS,2026-06-18 18:19:36,OK
Affle 3i Ltd.,Information Technology,1489.4,20947.01,46.082924,31.654,,5.727228,13.786000000000001,20.3,15.7,31.86,1462.83,1648.33,1489.4,1479.97,1462.53,1444.57,1497.93,1515.37,1462.83,1648.33,Sideways,55.67,1389.69,1600.74,AFFLE.NS,2026-06-18 18:19:37,OK
Birlasoft Ltd.,Information Technology,,,,,,,,,,,,,,,,,,,,,,,,,BIRLASOFT.NS,,NO_DATA
C.E. Info Systems Ltd.,Information Technology,,,,,,,,,,,,,,,,,,,,,,,,,CE.NS,,NO_DATA
Coforge Ltd.,Information Technology,1483.0,65648.19,33.858448,16.075,,5.2225113,18.596001,30.5,134.0,25.29,1333.13,1538.53,1483.0,1472.27,1446.73,1427.77,1491.23,1516.77,1333.13,1538.53,Sideways,58.23,1366.54,1599.46,COFORGE.NS,2026-06-18 18:19:41,OK
Cyient Ltd.,Information Technology,873.45,9649.42,22.639969,11.418,,1.6982751,7.765999399999999,0.8999999999999999,-67.9,34.25,898.62,1041.57,873.45,871.77,859.53,842.92,888.38,900.62,898.62,1041.57,Downtrend,27.19,853.69,927.84,CYIENT.NS,2026-06-18 18:19:42,OK
Happiest Minds Technologies Ltd.,Information Technology,,,,,,,,,,,,,,,,,,,,,,,,,HAPPIEST.NS,,NO_DATA
HCL Technologies Ltd.,Information Technology,,,,,,,,,,,,,,,,,,,,,,,,,HCL.NS,,NO_DATA
Hexaware Technologies Ltd.,Information Technology,,,,,,,,,,,,,,,,,,,,,,,,,HEXAWARE.NS,,NO_DATA
Infosys Ltd.,Information Technology,1127.5,456480.21,14.825772,1044.579,,4.8942266,31.439,6.6000000000000005,11.799999999999999,33.34,1170.22,1382.12,1127.5,1156.07,1149.63,1141.57,1164.13,1170.57,1170.22,1382.12,Downtrend,34.3,1111.71,1196.1,INFY.NS,2026-06-18 18:19:47,OK
Intellect Design Arena Ltd.,Information Technology,757.3,10531.65,31.151789,16.983,,3.3088653,11.411,16.7,-11.3,39.15,722.83,868.98,757.3,765.22,756.93,748.97,773.18,781.47,722.83,868.98,Sideways,26.12,705.06,809.54,INTELLECT.NS,2026-06-18 18:19:48,OK
Inventurus Knowledge Solutions Ltd.,Information Technology,,,,,,,,,,,,,,,,,,,,,,,,,INVENTURUS.NS,,NO_DATA
KPIT Technologies Ltd.,Information Technology,,,,,,,,,,,,,,,,,,,,,,,,,KPIT.NS,,NO_DATA
L&T Technology Services Ltd.,Information Technology,,,,,,,,,,,,,,,,,,,,,,,,,L&T.NS,,NO_DATA
Latent View Analytics Ltd.,Information Technology,,,,,,,,,,,,,,,,,,,,,,,,,LATENT.NS,,NO_DATA
LTIMindtree Ltd.,Information Technology,,,,,,,,,,,,,,,,,,,,,,,,,LTIMINDTREE.NS,,NO_DATA
MphasiS Ltd.,Information Technology,2336.6,44586.32,24.791513,14.72,,4.3796744,18.285999,14.399999999999999,14.000000000000002,23.07,2277.29,2573.02,2336.6,2340.67,2319.53,2298.87,2361.33,2382.47,2277.29,2573.02,Sideways,72.55,2191.5,2481.7,MPHASIS.NS,2026-06-18 18:19:56,OK
Netweb Technologies India Ltd.,Information Technology,5079.6,28923.59,140.5534,97.443,,39.884422,32.834998,86.6,64.3,2.47,4126.29,3536.24,5079.6,4933.17,4828.33,4745.17,5016.33,5121.17,4126.29,3536.24,Uptrend,292.44,4494.73,5664.47,NETWEB.NS,2026-06-18 18:19:57,OK
Newgen Software Technologies Ltd.,Information Technology,487.95,6887.88,23.147533,13.912,,3.8601809,18.250999,5.3,-0.8999999999999999,60.37,472.86,680.9,487.95,493.85,472.8,457.55,509.1,530.15,472.86,680.9,Sideways,26.39,449.22,540.73,NEWGEN.NS,2026-06-18 18:19:58,OK
Oracle Financial Services Software Ltd.,Information Technology,,,,,,,,,,,,,,,,,,,,,,,,,ORACLE.NS,,NO_DATA
Persistent Systems Ltd.,Information Technology,4940.5,77185.95,41.555218,27.483,,9.861455,26.349002,25.1,32.1,24.86,5049.66,5513.98,4940.5,5055.67,5006.33,4967.67,5094.33,5143.67,5049.66,5513.98,Downtrend,193.19,4797.18,5326.89,PERSISTENT.NS,2026-06-18 18:20:01,OK
Sagility Ltd.,Information Technology,39.83,18645.73,20.116163,10.565,,2.1192935,10.278,29.099999999999998,43.6,31.13,41.55,45.54,39.83,39.79,39.29,39.0,40.08,40.58,41.55,45.54,Downtrend,1.13,39.48,42.09,SAGILITY.NS,2026-06-18 18:20:02,OK
Sonata Software Ltd.,Information Technology,,,,,,,,,,,,,,,,,,,,,,,,,SONATA.NS,,NO_DATA
Tata Consultancy Services Ltd.,Information Technology,2203.3,797173.25,16.186455,10.857,,7.433536,48.395002,9.6,12.2,35.27,2335.57,2756.12,2203.3,2218.23,2205.47,2187.93,2235.77,2248.53,2335.57,2756.12,Downtrend,67.03,2218.8,2337.36,TCS.NS,2026-06-18 18:20:04,OK
Tata Elxsi Ltd.,Information Technology,,,,,,,,,,,,,,,,,,,,,,,,,TATA.NS,,NO_DATA
Tata Technologies Ltd.,Information Technology,,,,,,,,,,,,,,,,,,,,,,,,,TATA.NS,,NO_DATA
Tech Mahindra Ltd.,Information Technology,31.05,,18.850605,,,,,,,37.16,31.95,36.38,31.05,31.41,31.23,30.97,31.67,31.85,31.95,36.38,Downtrend,1.12,30.35,33.28,TECH.NS,2026-06-18 18:20:07,OK
Wipro Ltd.,Information Technology,182.84,191819.4,14.545744,9.207,,2.1635308,15.439998999999998,7.7,-1.6,31.32,197.28,224.18,182.84,184.43,183.62,182.76,185.29,186.1,197.28,224.18,Downtrend,5.42,187.42,193.68,WIPRO.NS,2026-06-18 18:20:08,OK
Zensar Technolgies Ltd.,Information Technology,,,,,,,,,,,,,,,,,,,,,,,,,ZENSAR.NS,,NO_DATA
PVR INOX Ltd.,Media Entertainment & Publication,,,,,,,,,,,,,,,,,,,,,,,,,PVR.NS,,NO_DATA
Saregama India Ltd,Media Entertainment & Publication,456.15,8756.23,42.51165,26.522,,5.2633095,12.567,19.400000000000002,24.099999999999998,14.95,390.06,389.3,456.15,455.88,447.72,442.03,461.57,469.73,390.06,389.3,Uptrend,21.57,413.01,499.29,SAREGAMA.NS,2026-06-18 18:20:12,OK
Sun TV Network Ltd.,Media Entertainment & Publication,,,,,,,,,,,,,,,,,,,,,,,,,SUN.NS,,NO_DATA
Zee Entertainment Enterprises Ltd.,Media Entertainment & Publication,,,,,,,,,,,,,,,,,,,,,,,,,ZEE.NS,,NO_DATA
Adani Enterprises Ltd.,Metals & Mining,,,,,,,,,,,,,,,,,,,,,,,,,ADANI.NS,,NO_DATA
Gravita India Ltd.,Metals & Mining,1726.4,12574.56,33.149002,23.975,,5.126819,16.680999,13.100000000000001,-3.2,11.42,1644.89,1646.73,1726.4,1689.0,1635.0,1601.1,1722.9,1776.9,1644.89,1646.73,Sideways,51.43,1623.54,1829.26,GRAVITA.NS,2026-06-18 18:20:15,OK
Gujarat Mineral Development Corporation Ltd.,Metals & Mining,,,,,,,,,,,,,,,,,,,,,,,,,GUJARAT.NS,,NO_DATA
Hindalco Industries Ltd.,Metals & Mining,1008.5,225516.03,16.746927,8.366,,1.6389474,10.288,20.4,-50.9,14.24,1059.02,904.98,1008.5,996.9,982.2,956.5,1022.6,1037.3,1059.02,904.98,Sideways,31.1,1006.07,1070.7,HINDALCO.NS,2026-06-18 18:20:18,OK
Hindustan Copper Ltd.,Metals & Mining,,,,,,,,,,,,,,,,,,,,,,,,,HINDUSTAN.NS,,NO_DATA
Hindustan Zinc Ltd.,Metals & Mining,,,,,,,,,,,,,,,,,,,,,,,,,HINDUSTAN.NS,,NO_DATA
Jindal Stainless Ltd.,Metals & Mining,,,,,,,,,,,,,,,,,,,,,,,,,JINDAL.NS,,NO_DATA
Jindal Steel Ltd.,Metals & Mining,,,,,,,,,,,,,,,,,,,,,,,,,JINDAL.NS,,NO_DATA
JSW Steel Ltd.,Metals & Mining,,,,,,,,,,,,,,,,,,,,,,,,,JSW.NS,,NO_DATA
Lloyds Metals And Energy Ltd.,Metals & Mining,79.3,255.34,,,,0.7565259,,,,21.87,88.03,74.65,79.3,76.87,74.23,72.92,78.18,80.82,88.03,74.65,Sideways,2.03,83.63,83.35,LLOYDS.NS,2026-06-18 18:20:25,OK
National Aluminium Co. Ltd.,Metals & Mining,,,,,,,,,,,,,,,,,,,,,,,,,NATIONAL.NS,,NO_DATA
NMDC Ltd.,Metals & Mining,88.53,77833.95,10.452184,7.812,,2.280878,23.363,61.9,37.7,9.19,89.6,79.63,88.53,88.07,87.39,86.78,88.68,89.36,89.6,79.63,Sideways,2.87,85.12,94.27,NMDC.NS,2026-06-18 18:20:28,OK
NMDC Steel Ltd.,Metals & Mining,88.53,77833.95,10.452184,7.812,,2.280878,23.363,61.9,37.7,9.19,89.6,79.63,88.53,88.07,87.39,86.78,88.68,89.36,89.6,79.63,Sideways,2.87,85.12,94.27,NMDC.NS,2026-06-18 18:20:28,OK
Sarda Energy and Minerals Ltd.,Metals & Mining,,,,,,,,,,,,,,,,,,,,,,,,,SARDA.NS,,NO_DATA
Steel Authority of India Ltd.,Metals & Mining,,,,,,,,,,,,,,,,,,,,,,,,,STEEL.NS,,NO_DATA
Tata Steel Ltd.,Metals & Mining,,,,,,,,,,,,,,,,,,,,,,,,,TATA.NS,,NO_DATA
Vedanta Ltd.,Metals & Mining,,,,,,,,,,,,,,,,,,,,,,,,,VEDANTA.NS,,NO_DATA
Adani Total Gas Ltd.,Oil Gas & Consumable Fuels,,,,,,,,,,,,,,,,,,,,,,,,,ADANI.NS,,NO_DATA
Aegis Logistics Ltd.,Oil Gas & Consumable Fuels,,,,,,,,,,,,,,,,,,,,,,,,,AEGIS.NS,,NO_DATA
Aegis Vopak Terminals Ltd.,Oil Gas & Consumable Fuels,,,,,,,,,,,,,,,,,,,,,,,,,AEGIS.NS,,NO_DATA
Bharat Petroleum Corporation Ltd.,Oil Gas & Consumable Fuels,,,,,,,,,,,,,,,,,,,,,,,,,BHARAT.NS,,NO_DATA
Castrol India Ltd.,Oil Gas & Consumable Fuels,,,,,,,,,,,,,,,,,,,,,,,,,CASTROL.NS,,NO_DATA
Coal India Ltd.,Oil Gas & Consumable Fuels,,,,,,,,,,,,,,,,,,,,,,,,,COAL.NS,,NO_DATA
GAIL (India) Ltd.,Oil Gas & Consumable Fuels,176.44,116010.7,15.30269,12.044,,1.3016696,8.688,-2.4,-40.300000000000004,6.38,164.17,164.99,176.44,175.55,173.99,172.96,176.58,178.14,164.17,164.99,Sideways,3.98,168.49,184.39,GAIL.NS,2026-06-18 18:20:41,OK
Gujarat State Petronet Ltd.,Oil Gas & Consumable Fuels,,,,,,,,,,,,,,,,,,,,,,,,,GUJARAT.NS,,NO_DATA
Gujarat Gas Ltd.,Oil Gas & Consumable Fuels,,,,,,,,,,,,,,,,,,,,,,,,,GUJARAT.NS,,NO_DATA
Hindustan Petroleum Corporation Ltd.,Oil Gas & Consumable Fuels,,,,,,,,,,,,,,,,,,,,,,,,,HINDUSTAN.NS,,NO_DATA
Indian Oil Corporation Ltd.,Oil Gas & Consumable Fuels,,,,,,,,,,,,,,,,,,,,,,,,,INDIAN.NS,,NO_DATA
Indraprastha Gas Ltd.,Oil Gas & Consumable Fuels,,,,,,,,,,,,,,,,,,,,,,,,,INDRAPRASTHA.NS,,NO_DATA
Mangalore Refinery & Petrochemicals Ltd.,Oil Gas & Consumable Fuels,,,,,,,,,,,,,,,,,,,,,,,,,MANGALORE.NS,,NO_DATA
Mahanagar Gas Ltd.,Oil Gas & Consumable Fuels,,,,,,,,,,,,,,,,,,,,,,,,,MAHANAGAR.NS,,NO_DATA
Oil & Natural Gas Corporation Ltd.,Oil Gas & Consumable Fuels,420.6,68415.12,10.3316145,8.314,,1.1794132,12.742999999999999,5.2,60.4,20.79,473.88,440.94,420.6,416.38,413.17,409.28,420.27,423.48,473.88,440.94,Sideways,13.76,450.19,448.12,OIL.NS,2026-06-18 18:20:51,OK
Oil India Ltd.,Oil Gas & Consumable Fuels,420.6,68415.12,10.3316145,8.314,,1.1794132,12.742999999999999,5.2,60.4,20.79,473.88,440.94,420.6,416.38,413.17,409.28,420.27,423.48,473.88,440.94,Sideways,13.76,450.19,448.12,OIL.NS,2026-06-18 18:20:51,OK
Petronet LNG Ltd.,Oil Gas & Consumable Fuels,288.25,43237.5,11.048294,6.71,,1.9398496,18.559,-23.3,25.3,10.67,271.79,274.06,288.25,291.88,289.67,287.33,294.22,296.43,271.79,274.06,Sideways,6.71,274.82,301.68,PETRONET.NS,2026-06-18 18:20:52,OK
Reliance Industries Ltd.,Oil Gas & Consumable Fuels,1328.1,1797247.52,22.261147,12.363,,1.9880397,9.139,12.5,-12.6,17.22,1345.75,1416.03,1328.1,1327.9,1321.8,1310.9,1338.8,1344.9,1345.75,1416.03,Downtrend,24.64,1278.81,1377.39,RELIANCE.NS,2026-06-18 18:20:53,OK
Abbott India Ltd.,Pharma,,,,,,,,,,,,,,,,,,,,,,,,,ABBOTT.NS,,NO_DATA
Ajanta Pharmaceuticals Ltd.,Pharma,,,,,,,,,,,,,,,,,,,,,,,,,AJANTA.NS,,NO_DATA
Akums Drugs and Pharmaceuticals Ltd.,Pharma,601.7,9212.15,36.138138,14.61,,2.7785988,8.019,9.4,-42.6,5.24,543.67,477.07,601.7,596.02,583.53,575.52,604.03,616.52,543.67,477.07,Uptrend,23.76,554.19,649.21,AKUMS.NS,2026-06-18 18:20:58,OK
Alembic Pharmaceuticals Ltd.,Pharma,,,,,,,,,,,,,,,,,,,,,,,,,ALEMBIC.NS,,NO_DATA
Alkem Laboratories Ltd.,Pharma,5372.0,64230.32,27.902145,20.481,,4.649174,17.557000000000002,14.6,-22.7,8.73,5429.55,5491.97,5372.0,5349.0,5331.0,5314.5,5365.5,5383.5,5429.55,5491.97,Downtrend,120.64,5158.07,5613.29,ALKEM.NS,2026-06-18 18:21:02,OK
AstraZenca Pharma India Ltd.,Pharma,,,,,,,,,,,,,,,,,,,,,,,,,ASTRAZENCA.NS,,NO_DATA
Aurobindo Pharma Ltd.,Pharma,,,,,,,,,,,,,,,,,,,,,,,,,AUROBINDO.NS,,NO_DATA
Biocon Ltd.,Pharma,413.85,67023.31,146.23676,23.3,,1.9380172,1.1469999,2.3,-72.5,6.03,394.94,380.76,413.85,412.1,406.5,401.15,417.45,423.05,394.94,380.76,Uptrend,9.96,393.93,433.77,BIOCON.NS,2026-06-18 18:21:06,OK
Blue Jet Healthcare Ltd.,Pharma,,,,,,,,,,,,,,,,,,,,,,,,,BLUE.NS,,NO_DATA
Caplin Point Laboratories Ltd.,Pharma,,,,,,,,,,,,,,,,,,,,,,,,,CAPLIN.NS,,NO_DATA
Cipla Ltd.,Pharma,1355.5,109503.43,28.204327,17.509,,3.1800363,11.736,-2.1,-54.6,18.22,1333.75,1410.03,1355.5,1357.87,1334.03,1317.27,1374.63,1398.47,1333.75,1410.03,Sideways,25.59,1304.33,1406.67,CIPLA.NS,2026-06-18 18:21:12,OK
Cohance Lifesciences Ltd.,Pharma,413.8,15845.75,88.60813,39.281,,4.055511,3.836,-26.3,-89.0,63.09,425.12,538.33,413.8,429.88,417.42,409.68,437.62,450.08,425.12,538.33,Downtrend,14.08,403.87,441.96,COHANCE.NS,2026-06-18 18:21:14,OK
Concord Biotech Ltd.,Pharma,,,,,,,,,,,,,,,,,,,,,,,,,CONCORD.NS,,NO_DATA
Divi's Laboratories Ltd.,Pharma,,,,,,,,,,,,,,,,,,,,,,,,,DIVIS.NS,,NO_DATA
Dr. Reddy's Laboratories Ltd.,Pharma,,,,,,,,,,,,,,,,,,,,,,,,,DR.NS,,NO_DATA
Emcure Pharmaceuticals Ltd.,Pharma,1753.2,33251.11,35.963078,19.171,,6.7140517,19.573,16.7,28.799999999999997,4.2,1686.82,1493.06,1753.2,1730.17,1700.33,1674.97,1755.53,1785.37,1686.82,1493.06,Uptrend,59.91,1633.37,1873.03,EMCURE.NS,2026-06-18 18:21:21,OK
Eris Lifesciences Ltd.,Pharma,1430.6,19823.43,31.587545,18.839,,5.0111566,18.068,7.1,200.0,23.7,1370.58,1477.61,1430.6,1401.07,1387.13,1363.17,1425.03,1438.97,1370.58,1477.61,Sideways,37.31,1355.97,1505.23,ERIS.NS,2026-06-18 18:21:23,OK
Gland Pharma Ltd.,Pharma,2202.2,36327.42,35.34264,20.091,,3.5021873,10.532,22.3,96.39999999999999,8.09,2020.22,1859.6,2202.2,2191.9,2173.5,2149.4,2216.0,2234.4,2020.22,1859.6,Uptrend,90.54,2021.13,2383.27,GLAND.NS,2026-06-18 18:21:25,OK
Glaxosmithkline Pharmaceuticals Ltd.,Pharma,,,,,,,,,,,,,,,,,,,,,,,,,GLAXOSMITHKLINE.NS,,NO_DATA
Glenmark Pharmaceuticals Ltd.,Pharma,2154.0,60786.06,44.58704,13.184,,5.7829385,14.069,14.299999999999999,6575.0,12.93,2278.43,2067.17,2154.0,2136.03,2101.57,2066.53,2171.07,2205.53,2278.43,2067.17,Sideways,65.6,2164.51,2285.2,GLENMARK.NS,2026-06-18 18:21:27,OK
Granules India Ltd.,Pharma,782.1,19380.2,31.961586,15.94,,3.766978,13.522,22.8,31.3,2.76,729.54,608.38,782.1,745.52,732.38,723.37,754.53,767.67,729.54,608.38,Uptrend,23.66,734.78,829.42,GRANULES.NS,2026-06-18 18:21:28,OK
Ipca Laboratories Ltd.,Pharma,,,,,,,,,,,,,,,,,,,,,,,,,IPCA.NS,,NO_DATA
J.B. Chemicals & Pharmaceuticals Ltd.,Pharma,,,,,,,,,,,,,,,,,,,,,,,,,JB.NS,,NO_DATA
Jubilant Pharmova Ltd.,Pharma,,,,,,,,,,,,,,,,,,,,,,,,,JUBILANT.NS,,NO_DATA
Laurus Labs Ltd.,Pharma,,,,,,,,,,,,,,,,,,,,,,,,,LAURUS.NS,,NO_DATA
Lupin Ltd.,Pharma,2327.1,106402.59,19.99227,12.443,,4.736743,26.906999999999996,31.900000000000002,89.0,6.69,2296.71,2154.39,2327.1,2269.97,2255.63,2239.27,2286.33,2300.67,2296.71,2154.39,Uptrend,39.59,2247.91,2406.29,LUPIN.NS,2026-06-18 18:21:37,OK
Mankind Pharma Ltd.,Pharma,2406.0,99366.83,52.100475,28.056,,6.088134,12.452,11.799999999999999,31.7,11.4,2329.42,2279.0,2406.0,2365.97,2350.73,2337.37,2379.33,2394.57,2329.42,2279.0,Uptrend,57.11,2291.79,2520.21,MANKIND.NS,2026-06-18 18:21:38,OK
NATCO Pharma Ltd.,Pharma,,,,,,,,,,,,,,,,,,,,,,,,,NATCO.NS,,NO_DATA
Neuland Laboratories Ltd.,Pharma,,,,,,,,,,,,,,,,,,,,,,,,,NEULAND.NS,,NO_DATA
Onesource Specialty Pharma Ltd.,Pharma,1651.2,18930.31,,65.044,,3.2542372,-1.26,0.5,-95.3,26.55,1726.66,1649.55,1651.2,1615.0,1603.1,1589.1,1629.0,1640.9,1726.66,1649.55,Sideways,63.27,1640.33,1777.74,ONESOURCE.NS,2026-06-18 18:21:43,OK
Pfizer Ltd.,Pharma,4539.3,20766.27,28.71884,19.422,,5.395956,17.159,6.3,-39.6,22.72,4693.5,4915.23,4539.3,4506.07,4467.43,4441.37,4532.13,4570.77,4693.5,4915.23,Downtrend,97.6,4458.82,4734.5,PFIZER.NS,2026-06-18 18:21:45,OK
Piramal Pharma Ltd.,Pharma,,,,,,,,,,,,,,,,,,,,,,,,,PIRAMAL.NS,,NO_DATA
Sai Life Sciences Ltd.,Pharma,,,,,,,,,,,,,,,,,,,,,,,,,SAI.NS,,NO_DATA
Sun Pharmaceutical Industries Ltd.,Pharma,,,,,,,,,,,,,,,,,,,,,,,,,SUN.NS,,NO_DATA
Syngene International Ltd.,Pharma,440.3,17693.5,55.875633,17.745,,3.6568248,6.621,1.7999999999999998,-19.5,39.57,448.46,542.07,440.3,451.08,444.22,440.13,455.17,462.03,448.46,542.07,Downtrend,12.84,426.04,465.98,SYNGENE.NS,2026-06-18 18:21:49,OK
Torrent Pharmaceuticals Ltd.,Pharma,,,,,,,,,,,,,,,,,,,,,,,,,TORRENT.NS,,NO_DATA
Wockhardt Ltd.,Pharma,,,,,,,,,,,,,,,,,,,,,,,,,WOCKHARDT.NS,,NO_DATA
Zydus Lifesciences Ltd.,Pharma,,,,,,,,,,,,,,,,,,,,,,,,,ZYDUS.NS,,NO_DATA
ACME Solar Holdings Ltd.,Power,,,,,,,,,,,,,,,,,,,,,,,,,ACME.NS,,NO_DATA
Adani Energy Solutions Ltd.,Power,,,,,,,,,,,,,,,,,,,,,,,,,ADANI.NS,,NO_DATA
Adani Green Energy Ltd.,Power,,,,,,,,,,,,,,,,,,,,,,,,,ADANI.NS,,NO_DATA
Adani Power Ltd.,Power,,,,,,,,,,,,,,,,,,,,,,,,,ADANI.NS,,NO_DATA
CESC Ltd.,Power,170.69,22626.16,14.676699,10.916,,1.8067405,12.547,5.6000000000000005,17.8,16.53,178.26,165.72,170.69,170.59,168.82,167.73,171.68,173.45,178.26,165.72,Sideways,4.54,169.35,179.78,CESC.NS,2026-06-18 18:22:02,OK
Jaiprakash Power Ventures Ltd.,Power,,,,,,,,,,,,,,,,,,,,,,,,,JAIPRAKASH.NS,,NO_DATA
JSW Energy Ltd.,Power,,,,,,,,,,,,,,,,,,,,,,,,,JSW.NS,,NO_DATA
Nava Ltd.,Power,607.3,17186.67,21.798277,10.597,,2.1238942,10.309,12.2,-44.6,17.87,638.04,600.3,607.3,613.62,604.93,599.32,619.23,627.92,638.04,600.3,Sideways,18.74,606.14,644.78,NAVA.NS,2026-06-18 18:22:07,OK
NHPC Ltd.,Power,75.94,76282.0,27.415163,25.465,,1.8454884,9.020999999999999,19.2,70.6,13.35,78.83,78.74,75.94,74.57,73.96,73.51,75.02,75.63,78.83,78.74,Sideways,2.2,74.89,80.34,NHPC.NS,2026-06-18 18:22:08,OK
NLC India Ltd.,Power,,,,,,,,,,,,,,,,,,,,,,,,,NLC.NS,,NO_DATA
NTPC Ltd.,Power,361.95,350970.87,11.890605,8.257,,1.7281469,13.694999999999999,8.0,-1.6,12.66,385.08,353.24,361.95,354.55,353.05,350.55,357.05,358.55,385.08,353.24,Sideways,8.68,365.83,379.31,NTPC.NS,2026-06-18 18:22:11,OK
NTPC Green Energy Ltd.,Power,361.95,350970.87,11.890605,8.257,,1.7281469,13.694999999999999,8.0,-1.6,12.66,385.08,353.24,361.95,354.55,353.05,350.55,357.05,358.55,385.08,353.24,Sideways,8.68,365.83,379.31,NTPC.NS,2026-06-18 18:22:12,OK
Power Grid Corporation of India Ltd.,Power,,,,,,,,,,,,,,,,,,,,,,,,,POWER.NS,,NO_DATA
Reliance Infrastructure Ltd.,Power,1328.1,1797247.52,22.261147,12.363,,1.9880397,9.139,12.5,-12.6,17.22,1345.75,1416.03,1328.1,1327.9,1321.8,1310.9,1338.8,1344.9,1345.75,1416.03,Downtrend,24.64,1278.81,1377.39,RELIANCE.NS,2026-06-18 18:22:15,OK
Reliance Power Ltd.,Power,1328.1,1797247.52,22.261147,12.363,,1.9880397,9.139,12.5,-12.6,17.22,1345.75,1416.03,1328.1,1327.9,1321.8,1310.9,1338.8,1344.9,1345.75,1416.03,Downtrend,24.64,1278.81,1377.39,RELIANCE.NS,2026-06-18 18:22:17,OK
SJVN Ltd.,Power,74.21,29163.01,45.527607,17.536,,2.0083354,4.514,196.70000000000002,,26.09,75.59,77.96,74.21,73.81,73.31,72.76,74.36,74.86,75.59,77.96,Downtrend,1.67,71.81,77.56,SJVN.NS,2026-06-18 18:22:18,OK
Tata Power Co. Ltd.,Power,,,,,,,,,,,,,,,,,,,,,,,,,TATA.NS,,NO_DATA
Torrent Power Ltd.,Power,,,,,,,,,,,,,,,,,,,,,,,,,TORRENT.NS,,NO_DATA
Anant Raj Ltd.,Realty,,,,,,,,,,,,,,,,,,,,,,,,,ANANT.NS,,NO_DATA
Brigade Enterprises Ltd.,Realty,554.6,18088.96,28.052603,15.365,,1.9891895,10.786,-0.2,-42.4,38.01,537.9,611.71,554.6,572.28,548.62,531.38,589.52,613.18,537.9,611.71,Sideways,16.68,521.23,587.97,BRIGADE.NS,2026-06-18 18:22:24,OK
DLF Ltd.,Realty,640.7,158593.21,35.974174,101.218,,3.4909065,10.030999999999999,-42.0,-1.0999999999999999,25.71,589.67,659.34,640.7,625.17,616.58,609.62,632.13,640.72,589.67,659.34,Sideways,19.16,602.37,679.03,DLF.NS,2026-06-18 18:22:25,OK
Godrej Properties Ltd.,Realty,,,,,,,,,,,,,,,,,,,,,,,,,GODREJ.NS,,NO_DATA
Lodha Developers Ltd.,Realty,924.0,92299.76,26.98598,20.243,,3.963692,15.709999999999999,7.6,9.4,38.6,889.6,1024.61,924.0,913.37,901.58,888.37,926.58,938.37,889.6,1024.61,Sideways,33.31,857.37,990.63,LODHA.NS,2026-06-18 18:22:29,OK
Oberoi Realty Ltd.,Realty,,,,,,,,,,,,,,,,,,,,,,,,,OBEROI.NS,,NO_DATA
Phoenix Mills Ltd.,Realty,,,,,,,,,,,,,,,,,,,,,,,,,PHOENIX.NS,,NO_DATA
Prestige Estates Projects Ltd.,Realty,1527.7,65802.66,55.19147,21.631,,4.0412025,7.997999999999999,166.5,901.6999999999999,15.69,1393.84,1505.7,1527.7,1513.43,1500.07,1478.63,1534.87,1548.23,1393.84,1505.7,Sideways,51.67,1424.36,1631.04,PRESTIGE.NS,2026-06-18 18:22:34,OK
Signatureglobal (India) Ltd.,Realty,,,,,,,,,,,,,,,,,,,,,,,,,SIGNATUREGLOBAL.NS,,NO_DATA
Sobha Ltd.,Realty,1426.9,15261.24,79.18424,46.68,,3.23201,4.168,60.199999999999996,124.30000000000001,17.64,1381.03,1449.51,1426.9,1408.07,1397.13,1379.07,1426.13,1437.07,1381.03,1449.51,Sideways,43.4,1340.1,1513.7,SOBHA.NS,2026-06-18 18:22:39,OK
Bharti Airtel Ltd.,Telecommunication,,,,,,,,,,,,,,,,,,,,,,,,,BHARTI.NS,,NO_DATA
Adani Ports and Special Economic Zone Ltd.,Services,,,,,,,,,,,,,,,,,,,,,,,,,ADANI.NS,,NO_DATA
InterGlobe Aviation Ltd.,Services,,,,,,,,,,,,,,,,,,,,,,,,,INTERGLOBE.NS,,NO_DATA
Bharti Hexacom Ltd.,Telecommunication,,,,,,,,,,,,,,,,,,,,,,,,,BHARTI.NS,,NO_DATA
HFCL Ltd.,Telecommunication,199.63,30548.66,93.28504,38.511,,6.0214763,7.266,127.8,,4.47,142.72,88.76,199.63,189.54,185.69,181.24,193.99,197.84,142.72,88.76,Uptrend,10.43,178.78,220.48,HFCL.NS,2026-06-18 18:22:47,OK
GMR Airports Ltd.,Services,,,,,,,,,,,,,,,,,,,,,,,,,GMR.NS,,NO_DATA
Indus Towers Ltd.,Telecommunication,,,,,,,,,,,,,,,,,,,,,,,,,INDUS.NS,,NO_DATA
JSW Infrastructure Ltd.,Services,,,,,,,,,,,,,,,,,,,,,,,,,JSW.NS,,NO_DATA
ITI Ltd.,Telecommunication,311.15,29959.14,102.689766,678.21,,19.8729,16.59,-40.0,,16.55,296.55,298.95,311.15,308.38,302.37,298.53,312.22,318.23,296.55,298.95,Sideways,9.84,291.46,330.84,ITI.NS,2026-06-18 18:22:53,OK
Container Corporation of India Ltd.,Services,,,,,,,,,,,,,,,,,,,,,,,,,CONTAINER.NS,,NO_DATA
Delhivery Ltd.,Services,459.2,34387.11,230.75377,111.135,,3.5380502,1.5959999999999999,30.0,-0.6,6.29,457.73,439.33,459.2,451.47,449.33,447.12,453.68,455.82,457.73,439.33,Uptrend,10.79,437.62,480.78,DELHIVERY.NS,2026-06-18 18:22:56,OK
Railtel Corporation Of India Ltd.,Telecommunication,322.7,10356.68,32.56307,15.287,,4.575942,16.253999999999998,27.6,25.3,26.55,320.98,334.55,322.7,325.07,321.23,318.52,327.78,331.62,320.98,334.55,Sideways,10.65,304.93,344.0,RAILTEL.NS,2026-06-18 18:22:57,OK
Firstsource Solutions Ltd.,Services,,,,,,,,,,,,,,,,,,,,,,,,,FIRSTSOURCE.NS,,NO_DATA
eClerx Services Ltd.,Services,1448.1,13494.86,19.466326,12.017,,5.229969,28.999999999999996,23.3,26.0,42.02,1495.81,1927.69,1448.1,1451.13,1430.27,1404.13,1477.27,1498.13,1495.81,1927.69,Downtrend,61.24,1421.02,1570.59,ECLERX.NS,2026-06-18 18:23:01,OK
Redington Ltd.,Services,271.95,21260.36,14.275592,9.399,,2.094856,13.089,25.1,-41.099999999999994,16.96,226.6,254.08,271.95,249.34,243.79,238.65,254.48,260.03,226.6,254.08,Sideways,11.74,248.47,295.43,REDINGTON.NS,2026-06-18 18:23:04,OK
Great Eastern Shipping Co. Ltd.,Services,,,,,,,,,,,,,,,,,,,,,,,,,GREAT.NS,,NO_DATA
International Gemmological Institute (India) Ltd.,Services,,,,,,,,,,,,,,,,,,,,,,,,,INTERNATIONAL.NS,,NO_DATA
Blue Dart Express Ltd.,Services,,,,,,,,,,,,,,,,,,,,,,,,,BLUE.NS,,NO_DATA
Tata Communications Ltd.,Telecommunication,,,,,,,,,,,,,,,,,,,,,,,,,TATA.NS,,NO_DATA
MMTC Ltd.,Services,74.95,11242.5,29.050386,-52.711,,5.302816,20.266001,165.2,8302.5,4.34,65.67,63.75,74.95,76.14,73.92,71.82,78.24,80.46,65.67,63.75,Uptrend,3.91,67.13,82.77,MMTC.NS,2026-06-18 18:23:12,OK
Tata Teleservices (Maharashtra) Ltd.,Telecommunication,,,,,,,,,,,,,,,,,,,,,,,,,TATA.NS,,NO_DATA
Tejas Networks Ltd.,Telecommunication,,,,,,,,,,,,,,,,,,,,,,,,,TEJAS.NS,,NO_DATA
Vodafone Idea Ltd.,Telecommunication,,,,,,,,,,,,,,,,,,,,,,,,,VODAFONE.NS,,NO_DATA
Alok Industries Ltd.,Textiles,,,,,,,,,,,,,,,,,,,,,,,,,ALOK.NS,,NO_DATA
K.P.R. Mill Ltd.,Textiles,,,,,,,,,,,,,,,,,,,,,,,,,KPR.NS,,NO_DATA
Page Industries Ltd.,Textiles,,,,,,,,,,,,,,,,,,,,,,,,,PAGE.NS,,NO_DATA
Trident Ltd.,Textiles,25.97,13233.23,35.094593,15.705,,2.8404243,8.0299996,-12.4,-18.6,21.25,24.82,26.04,25.97,25.0,24.7,24.47,25.23,25.53,24.82,26.04,Sideways,0.66,24.66,27.28,TRIDENT.NS,2026-06-18 18:23:23,OK
Vardhman Textiles Ltd.,Textiles,,,,,,,,,,,,,,,,,,,,,,,,,VARDHMAN.NS,,NO_DATA
Welspun Living Ltd.,Textiles,,,,,,,,,,,,,,,,,,,,,,,,,WELSPUN.NS,,NO_DATA
